LEMMA,pos,link
raba,s.f.,
rabbassare,v.,http://tlio.ovi.cnr.it/voci/050806.htm
rabbàttere,v.,
rabbattimento,s.m.,
ràbbatu,s.m.,
rabbellire,v.,http://tlio.ovi.cnr.it/voci/043640.htm
rabbi,s.m.,
rabbia,s.f.,
rabbiare,v.,http://tlio.ovi.cnr.it/voci/033595.htm
rabbiatamente,avv.,
rabbiosamente,avv.,
rabbioso,agg./s.m.,
rabboccare,v.,http://tlio.ovi.cnr.it/voci/045904.htm
rabbonacciare,v.,http://tlio.ovi.cnr.it/voci/045905.htm
rabbondare,v.,http://tlio.ovi.cnr.it/voci/045906.htm
rabboscare,v.,http://tlio.ovi.cnr.it/voci/050807.htm
rabbracciare,v.,http://tlio.ovi.cnr.it/voci/045907.htm
rabbreviare,v.,http://tlio.ovi.cnr.it/voci/047466.htm
rabbrunare,v.,http://tlio.ovi.cnr.it/voci/043728.htm
rabbuffamento,s.m.,
rabbuffare,v.,http://tlio.ovi.cnr.it/voci/048615.htm
rabbuffato,agg.,
rabbuffo,s.m.,
rabbugiare,v.,
rabbuiare,v.,http://tlio.ovi.cnr.it/voci/047732.htm
ràbido,agg.,
rabileno,s.m.,
rabim,agg./s.m.,
rabri,s.i.,
raca,s.f.,
racaa,s.i.,
ràcana,s.f.,
ràcano,s.m.,
raccadere,v.,
raccadìa,s.f.,
raccamare,v.,http://tlio.ovi.cnr.it/voci/049912.htm
raccamato,agg./s.m.,
raccamatore,s.m.,
raccamatura,s.f.,
raccapitolare,v.,http://tlio.ovi.cnr.it/voci/050285.htm
raccapricciare,v.,http://tlio.ovi.cnr.it/voci/037163.htm
raccapriccio,s.m.,
raccardare,v.,http://tlio.ovi.cnr.it/voci/051167.htm
raccattamento,s.m.,
raccattare,v.,
raccattatore,s.m.,
raccattatura,s.f.,
raccatto,s.m.,
raccèndere,v.,http://tlio.ovi.cnr.it/voci/051168.htm
raccendimento,s.m.,
raccerchiante,agg.,
raccerchiare,v.,http://tlio.ovi.cnr.it/voci/050808.htm
raccerchiato,agg.,
raccertare,v.,http://tlio.ovi.cnr.it/voci/050221.htm
racceso,agg.,
raccettare,v.,
racchetare,v.,
racchetato,agg.,
racchiùdere,v.,http://tlio.ovi.cnr.it/voci/044800.htm
racchiuso,agg.,
raccoglienza,s.f.,
raccògliere,v.,
raccoglimento,s.m.,
raccolta,s.f.,
raccolto,agg./s.m.,
raccomandamento,s.m.,
raccomandanza,s.f.,
raccomandare,v.,
raccomandato,agg./s.m.,
raccomandatore,s.m.,
raccomandatorio,agg.,
raccomandazione,s.f.,
raccomandigia,s.f.,
raccomando,s.m.,
raccompagnare,v.,
raccomperare,v.,http://tlio.ovi.cnr.it/voci/051675.htm
raccomunamento,s.m.,
raccomunare,v.,http://tlio.ovi.cnr.it/voci/050288.htm
raccomunato,agg.,
raccomunicare,v.,http://tlio.ovi.cnr.it/voci/050290.htm
racconciamento,s.m.,
racconciare,v.,
racconciatore,s.m.,
racconciatura,s.f.,
racconciliamento,s.m.,
racconciliare,v.,http://tlio.ovi.cnr.it/voci/042560.htm
racconciliatore,s.m.,
racconcime,s.m.,
racconcio,agg./s.m.,
raccongiùngere,v.,http://tlio.ovi.cnr.it/voci/039688.htm
racconóscere,v.,
racconsolamento,s.m.,
racconsolare,v.,http://tlio.ovi.cnr.it/voci/043979.htm
racconsolatore,s.m.,
raccontàbile,agg.,
raccontamento,s.m.,
raccontanza,s.f.,
raccontare,v.,
raccontato,agg./s.m.,
raccontatore,s.m.,
raccontatrice,s.f.,
raccorciamento,s.m.,
raccorciare,v.,http://tlio.ovi.cnr.it/voci/050222.htm
raccordare,v.,
raccordare,v.,http://tlio.ovi.cnr.it/voci/r41265.htm
raccòrgere,v.,
raccórrere,v.,http://tlio.ovi.cnr.it/voci/046922.htm
raccortare,v.,http://tlio.ovi.cnr.it/voci/050292.htm
raccosciare,v.,http://tlio.ovi.cnr.it/voci/033435.htm
raccostare,v.,http://tlio.ovi.cnr.it/voci/048590.htm
raccozzamento,s.m.,
raccozzare,v.,http://tlio.ovi.cnr.it/voci/040225.htm
raccréscere,v.,
raccumunare,v.,http://tlio.ovi.cnr.it/voci/r50350.htm
raccusa,s.f.,
raccusare,v.,http://tlio.ovi.cnr.it/voci/r50050.htm
racemo,s.m.,
racimare,v.,http://tlio.ovi.cnr.it/voci/048187.htm
racimolare,v.,
racimoletto,s.m.,
racìmolo,s.m.,
racimoluto,agg.,
racina,-1,
  'uva',,
racina,-2,
  'radice',,
racquetare,v.,
racquetato,agg.,
racqueto,s.m.,
racquistamento,s.m.,
racquistare,v.,
racquistato,agg.,
racquistatore,s.m.,
racquistazione,s.f.,
racquisto,s.m.,
radamente,avv.,
radare,v.,
radato,agg.,
raddirizzare,v.,http://tlio.ovi.cnr.it/voci/r42703.htm
raddolcare,v.,http://tlio.ovi.cnr.it/voci/042646.htm
raddolciare,v.,http://tlio.ovi.cnr.it/voci/042647.htm
raddolcire,v.,http://tlio.ovi.cnr.it/voci/042648.htm
raddomandare,v.,
raddoppiamento,s.m.,
raddoppiare,v.,
raddoppiato,agg.,
raddormentare,v.,
raddossare,v.,http://tlio.ovi.cnr.it/voci/050293.htm
raddotta,s.f.,
raddrappellare,v.,http://tlio.ovi.cnr.it/voci/036107.htm
raddrittare,v.,
raddrizzare,v.,http://tlio.ovi.cnr.it/voci/042649.htm
radduplicare,v.,
radduplicato,agg.,
raddurre,v.,
radegheza,s.f.,
radente,agg.,
ràdere,v.,
radeto,s.m.,
radezza,s.f.,
radiale,agg.,
radiante,agg.,
radiare,v.,
radiare,-2,
radiare,-3,
  'voglia',,
radiato,agg.,
radiazione,s.f.,
ràdica,s.f.,
radicale,agg.,
radicalmente,avv.,
radicanza,s.f.,
radicare,v.,http://tlio.ovi.cnr.it/voci/047181.htm
radicare,v.,http://tlio.ovi.cnr.it/voci/r47188.htm
radicario,agg.,
radicata,s.f.,
radicato,agg.,
radicazione,s.f.,
radice,s.f.,
radicina,s.f.,
radicofanese,agg.,
radicondolese,agg.,
radificare,v.,http://tlio.ovi.cnr.it/voci/051447.htm
ràdigo,agg.,
radimadia,s.f.,
radimento,s.m.,
radio,s.m.,
radiosità,s.f.,
radioso,agg.,
radità,s.f.,
raditto,agg.,
raditura,s.f.,
rado,agg./s.m./avv.,
radoblare,v.,
radoblato,agg.,
raduna,s.f.,
radunamento,s.m.,
radunante,s.m.,
radunanza,s.f.,
radunare,v.,
radunata,s.f.,
radunatezza,s.f.,
radunaticcio,agg.,
radunato,agg./s.m.,
radunatore,s.m.,
radunazione,s.f.,
raduno,s.m.,
ràfano,s.m.,
raffa,s.f.,
raffacane,s.m.,
raffacciamento,s.m.,
raffacciare,v.,http://tlio.ovi.cnr.it/voci/048537.htm
raffantato,agg.,
raffare,v.,http://tlio.ovi.cnr.it/voci/048620.htm
raffazzonamento,s.m.,
raffazzonare,v.,http://tlio.ovi.cnr.it/voci/036812.htm
raffazzonato,agg.,
rafferma,s.f.,
raffermagione,s.f.,
raffermamento,s.m.,
raffermare,v.,
  'confermare',,
raffermare,v.,
  'affermare,di,
raffidanza,s.f.,
raffidare,v.,http://tlio.ovi.cnr.it/voci/048355.htm
raffìggere,v.,http://tlio.ovi.cnr.it/voci/049522.htm
raffigurare,v.,http://tlio.ovi.cnr.it/voci/049523.htm
raffinare,v.,
raffio,s.m.,
raffocare,v.,
rafformare,v.,http://tlio.ovi.cnr.it/voci/051676.htm
raffortificare,v.,http://tlio.ovi.cnr.it/voci/038292.htm
rafforzare,v.,http://tlio.ovi.cnr.it/voci/042371.htm
rafforzato,agg.,
raffratare,v.,http://tlio.ovi.cnr.it/voci/048987.htm
raffreddamento,s.m.,
raffreddare,v.,
raffreddato,agg./s.m.,
raffreddire,v.,
raffreddo,agg.,
raffrenamento,s.m.,
raffrenare,v.,
raffrenatore,s.m.,
raffrenatrice,agg.,
raffrettare,v.,http://tlio.ovi.cnr.it/voci/042650.htm
raffrezzare,v.,http://tlio.ovi.cnr.it/voci/042651.htm
raffrontare,v.,http://tlio.ovi.cnr.it/voci/051197.htm
rafo,s.m.,
ragazia,s.f.,
ragazza,s.f.,
ragazzaglia,s.f.,
ragazzetto,s.m.,
ragazzina,s.f.,
ragazzino,s.m.,
ragazzo,s.m.,
ragenzare,v.,http://tlio.ovi.cnr.it/voci/051295.htm
raggelare,v.,
raggente,-1,
  'canale',,
ragghiante,agg.,
ragghiare,v.,http://tlio.ovi.cnr.it/voci/r47765.htm
ragghio,s.m.,
raggiamento,s.m.,
raggiante,agg.,
raggiare,v.,
raggiare,v.,http://tlio.ovi.cnr.it/voci/r47767.htm
raggio,-1,
  'luce',,
raggio,-2,
  'ruscello',,
raggiornare,v.,
raggioso,agg.,
raggiramento,s.m.,
raggirare,v.,http://tlio.ovi.cnr.it/voci/042653.htm
raggirato,agg.,
raggire,v.,http://tlio.ovi.cnr.it/voci/043729.htm
raggiùngere,v.,http://tlio.ovi.cnr.it/voci/039689.htm
raggiungimento,s.m.,
raggiunta,s.f.,
raggiunto,agg./s.m.,
raggiuolo,-1,
  'luce',,
raggiuolo,-2,
  'piccolo,ruscello',
ragglutinare,v.,http://tlio.ovi.cnr.it/voci/050294.htm
raggomicellare,v.,http://tlio.ovi.cnr.it/voci/045107.htm
raggomitolare,v.,
raggomitolato,agg.,
raggranchiare,v.,http://tlio.ovi.cnr.it/voci/051504.htm
raggravare,v.,http://tlio.ovi.cnr.it/voci/050295.htm
raggricciato,agg.,
raggrinzamento,s.m.,
raggrinzare,v.,http://tlio.ovi.cnr.it/voci/032676.htm
raggrinzato,agg.,
raggrossare,v.,http://tlio.ovi.cnr.it/voci/042373.htm
raggrottare,v.,http://tlio.ovi.cnr.it/voci/045108.htm
raggruzzolare,v.,http://tlio.ovi.cnr.it/voci/045109.htm
ragguagliamento,s.m.,
ragguagliare,v.,
ragguagliato,agg.,
ragguagliatrice,s.f.,
ragguaglio,s.m.,
ragguardamento,s.m.,
ragguardante,agg./s.m.,
ragguardare,v.,http://tlio.ovi.cnr.it/voci/045112.htm
ragguardatore,s.m.,
ragguardatrice,s.f.,
ragguardévole,agg.,
ragguardo,s.m.,
ragguazzare,v.,http://tlio.ovi.cnr.it/voci/046923.htm
ragguigliardonare,v.,http://tlio.ovi.cnr.it/voci/046924.htm
ragia,-1,
  'resina',,
ragia,-2,
  'rabbia',,
ragio,avv.,
ragionabilmente,avv.,
ragionale,-1,
ragionale,-2,
ragionamento,s.m.,
ragionanza,s.f.,
ragionare,v.,
ragionare,-2,
ragionativo,agg.,
ragionato,agg./s.m.,
ragionatore,s.m.,
ragionatura,s.f.,
ragioncina,s.f.,
ragione,s.f.,
ragionévole,agg./s.m.,
ragionevolmente,avv.,
ragionìbile,agg.,
ragioniere,s.m.,
ragis,s.i.,
ragliante,agg.,
ragliare,v.,http://tlio.ovi.cnr.it/voci/047734.htm
raglio,s.m.,
ragna,s.f.,
ragnatela,s.f.,
ragnatelo,s.m.,
ragnatìa,s.f.,
ragnino,agg.,
ragnitello,s.m.,
ragno,s.m.,
ragnuolo,s.m.,
ragonese,-1,
ragonese,-2,
ragumare,v.,http://tlio.ovi.cnr.it/voci/r34728.htm
ragunaticcio,agg.,
ragusèo,s.m.,
ragusino,s.m.,
raia,s.f.,
raitire,v.,http://tlio.ovi.cnr.it/voci/026711.htm
ralla,s.f.,
rallargare,v.,
rallegare,v.,
ralleggiare,v.,
rallegramento,s.m.,
rallegrante,agg./s.m.,
rallegranza,s.f.,
rallegrare,v.,http://tlio.ovi.cnr.it/voci/045073.htm
rallegrativo,agg.,
rallegrato,agg.,
rallegratura,s.f.,
rallegro,agg.,
rallenare,v.,
rallenato,agg.,
rallentamento,s.m.,
rallentare,v.,
rallettare,v.,http://tlio.ovi.cnr.it/voci/050296.htm
rallevare,v.,http://tlio.ovi.cnr.it/voci/051616.htm
ralleviamento,s.m.,
ralleviare,v.,http://tlio.ovi.cnr.it/voci/051618.htm
rallignare,v.,
rallogare,v.,http://tlio.ovi.cnr.it/voci/046925.htm
ralloggiare,v.,http://tlio.ovi.cnr.it/voci/050223.htm
rallumare,v.,http://tlio.ovi.cnr.it/voci/046877.htm
ralluminare,v.,http://tlio.ovi.cnr.it/voci/046878.htm
ralluminato,agg.,
rallungare,v.,http://tlio.ovi.cnr.it/voci/050297.htm
rallungiato,agg.,
ralo,a.g.,
ralule,s.i.,
rama,s.f.,
ramace,agg.,
ramagio,agg.,
ramaiuolo,s.m.,
ramanziere,s.m.,
ramanzo,s.m.,
ramarrina,s.f.,
ramarro,s.m.,
ramata,s.f.,
ramatella,s.f.,
ramatello,s.m.,
ramato,agg.,
rambellare,v.,http://tlio.ovi.cnr.it/voci/043642.htm
rame,s.m./s.f.,
ramella,s.f.,
ramello,s.m.,
ramerino,s.m.,
rametta,s.f.,
ramettese,s.m.,
rametto,s.m.,
ramicella,s.f.,
ramicello,s.m.,
ramich,s.m.,
ramìcolo,s.m.,
ramina,s.f.,
ramingamente,avv.,
ramingare,v.,
ramingo,agg.,
ramino,agg./s.m.,
ramisana,s.i.,
ramitella,s.f.,
ramitello,s.m.,
rammantellare,v.,http://tlio.ovi.cnr.it/voci/051170.htm
rammaricamento,s.m.,
rammaricanza,s.f.,
rammaricare,v.,http://tlio.ovi.cnr.it/voci/036816.htm
rammaricazione,s.f.,
rammarichévole,agg.,
rammarichìo,s.m.,
rammàrico,s.m.,
rammaricoso,agg.,
rammassare,v.,http://tlio.ovi.cnr.it/voci/050225.htm
rammemoramento,s.m.,
rammemorare,v.,http://tlio.ovi.cnr.it/voci/043906.htm
rammemorato,agg.,
rammemorazione,s.f.,
rammemoriare,v.,http://tlio.ovi.cnr.it/voci/043909.htm
rammenare,v.,
rammendare,v.,
rammendatrice,s.f.,
rammendatura,s.f.,
rammentare,v.,http://tlio.ovi.cnr.it/voci/043910.htm
rammentatore,s.m.,
rammentatrice,s.f.,
rammentazione,s.f.,
rammentìo,s.m.,
rammentovare,v.,http://tlio.ovi.cnr.it/voci/043914.htm
rammezzare,v.,
rammirare,v.,http://tlio.ovi.cnr.it/voci/046926.htm
rammogliare,v.,http://tlio.ovi.cnr.it/voci/050226.htm
rammollamento,s.m.,
rammollare,v.,
rammollimento,s.m.,
rammollire,v.,
rammollito,agg.,
rammorbidamento,s.m.,
rammorbidare,v.,http://tlio.ovi.cnr.it/voci/047571.htm
rammorbidire,v.,http://tlio.ovi.cnr.it/voci/047572.htm
rammorire,v.,http://tlio.ovi.cnr.it/voci/051451.htm
rammortare,v.,http://tlio.ovi.cnr.it/voci/051452.htm
rammorto,agg.,
rammorzare,v.,http://tlio.ovi.cnr.it/voci/051070.htm
rammucchiare,v.,
rammuòvere,v.,http://tlio.ovi.cnr.it/voci/045771.htm
ramnense,s.f.,
ramnese,s.f.,
ramno,s.m.,
ramo,-1,
ramo,-2,
ramogna,s.f.,
ramognare,v.,http://tlio.ovi.cnr.it/voci/043915.htm
ramoliva,s.f.,
ràmolo,s.m.,
ramoraccia,s.f.,
ramoruto,agg.,
ramoscello,s.m.,
ramoso,agg.,
ramostello,s.m.,
rampante,agg.,
rampicare,v.,http://tlio.ovi.cnr.it/voci/046597.htm
rampicone,s.m.,
rampina,s.f.,
rampino,s.m.,
rampo,s.m.,
rampogna,s.f.,
rampognare,v.,http://tlio.ovi.cnr.it/voci/048868.htm
rampognévole,agg.,
rampogno,s.m.,
rampognosamente,avv.,
rampognoso,agg.,
rampollamento,s.m.,
rampollante,agg.,
rampollare,v.,
rampollo,s.m.,
ramucello,s.m.,
ramùscolo,s.m.,
ramuto,agg.,
rana,s.f.,
ranabòtolo,s.m.,
ranaglione,s.m.,
rancare,v.,http://tlio.ovi.cnr.it/voci/r34012.htm
rancetto,agg.,
rancia,s.f.,
ranciata,s.f.,
ràncico,agg./s.m.,
rancicoso,agg.,
rancidezza,s.f.,
ràncido,agg.,
rancio,-1,
rancio,-2,
rancioso,agg.,
ranco,agg.,
rancore,s.m.,
rancura,s.f.,
rancuramento,s.m.,
rancurare,v.,http://tlio.ovi.cnr.it/voci/042246.htm
rancurato,agg.,
rancuratore,s.m.,
rancurazione,s.f.,
rancurezza,s.f.,
rancuroso,agg.,
randa,s.f.,
randagiare,v.,http://tlio.ovi.cnr.it/voci/036250.htm
randagio,agg.,
randello,s.m.,
randione,agg.,
randone,s.m.,
ranella,s.f.,
rango,s.m.,
ràngola,s.f.,
rangolare,v.,http://tlio.ovi.cnr.it/voci/028500.htm
rangoliare,v.,http://tlio.ovi.cnr.it/voci/028501.htm
ràngolo,s.m.,
rangolosa,s.f.,
rangolosamente,avv.,
rangoloso,agg.,
ràngulo,s.m.,
ranna,s.f.,
rannata,s.f.,
rannicchiare,v.,http://tlio.ovi.cnr.it/voci/046535.htm
rannicchiato,agg.,
rannidare,v.,http://tlio.ovi.cnr.it/voci/043569.htm
rannidiare,v.,http://tlio.ovi.cnr.it/voci/r43604.htm
ranno,-1,
ranno,-2,
rannodare,v.,http://tlio.ovi.cnr.it/voci/051199.htm
rannovellare,v.,
rannunciare,v.,http://tlio.ovi.cnr.it/voci/047654.htm
rannuvolare,v.,http://tlio.ovi.cnr.it/voci/047655.htm
ranocchia,s.f.,
ranocchio,s.m.,
ranscire,v.,
ràntolo,s.m.,
rantoloso,agg.,
ranuzza,s.f.,
ranzino,s.m.,
ranzone,s.f.,
rapa,s.f.,
rapace,agg./s.m.,
rapacemente,avv.,
rapacità,s.f.,
rapata,s.f.,
rapàzolo,s.m.,
rapente,agg.,
rapentemente,avv.,
raperónzolo,s.m.,
rapesta,s.f.,
rapévole,agg.,
rapidamente,avv.,
ràpido,agg.,
rapietare,v.,http://tlio.ovi.cnr.it/voci/r51461.htm
rapimento,s.m.,
rapina,s.f.,
rapinamento,s.m.,
rapinare,v.,http://tlio.ovi.cnr.it/voci/021117.htm
rapinato,s.m.,
rapinatore,s.m.,
rapinévole,agg.,
rapinosamente,avv.,
rapinoso,agg.,
rapire,v.,
rapiticcio,agg.,
rapito,agg.,
rapitore,s.m.,
rapo,s.m.,
raponcello,s.m.,
rapónzolo,s.m.,
rappa,-2,
rappa,s.f.,
rappaciare,v.,
rappacificare,v.,
rappacificato,agg.,
rappagare,v.,
rapparare,v.,
rappare,v.,http://tlio.ovi.cnr.it/voci/033087.htm
rapparecchiare,v.,http://tlio.ovi.cnr.it/voci/050299.htm
rapparire,v.,
rappatore,s.m.,
rappattumare,v.,http://tlio.ovi.cnr.it/voci/051171.htm
rappazzu,s.m.,
rappellàbile,agg.,
rappellare,v.,http://tlio.ovi.cnr.it/voci/049525.htm
rappello,s.m.,
rappezzare,v.,
rappezzato,agg.,
rappianare,v.,http://tlio.ovi.cnr.it/voci/046927.htm
rappiastrare,v.,http://tlio.ovi.cnr.it/voci/046928.htm
rappiatto,agg.,
rappiccare,v.,http://tlio.ovi.cnr.it/voci/051456.htm
rappicciare,v.,
rappicciolare,v.,http://tlio.ovi.cnr.it/voci/051200.htm
rappiccolare,v.,http://tlio.ovi.cnr.it/voci/051201.htm
rappiccolito,agg.,
rappietare,v.,http://tlio.ovi.cnr.it/voci/051457.htm
rappigliamento,s.m.,
rappigliare,v.,
rapportamento,s.m.,
rapportare,v.,
rapportativo,s.m.,
rapportatore,s.m.,
rapportatrice,s.f./agg.,
rapportazione,s.f.,
rapporto,s.m.,
rapprèndere,v.,http://tlio.ovi.cnr.it/voci/051677.htm
rapprendimento,s.m.,
rappresaglia,s.f.,
rappresentamento,s.m.,
rappresentare,v.,
rappresentatore,s.m.,
rappresentazione,s.f.,
rappreso,agg.,
rappressamento,s.m.,
rappressare,v.,http://tlio.ovi.cnr.it/voci/051620.htm
rappressato,agg.,
rapprossimare,v.,http://tlio.ovi.cnr.it/voci/043643.htm
rappuntare,v.,http://tlio.ovi.cnr.it/voci/051203.htm
rapuccio,s.m.,
raramente,avv.,
rarefare,v.,http://tlio.ovi.cnr.it/voci/048429.htm
rarefatto,agg.,
rarificare,v.,http://tlio.ovi.cnr.it/voci/048430.htm
rarificato,agg.,
rarità,s.f.,
raro,agg./s.m./avv.,
rarolo,s.m.,
rarrògere,v.,http://tlio.ovi.cnr.it/voci/034238.htm
rarufetem,s.m.,
rasa,-1,
  'stoffa',,
rasa,-2,
  'da,rasare',
rasare,v.,
rasato,agg.,
rasatura,s.f.,
rasca,-1,
rasca,-2,
rascagnato,agg.,
rascar,v.,
rascatu,agg.,
rascazione,s.f.,
rasceto,s.m.,
rascetta,s.f.,
raschiamento,s.m.,
raschiare,v.,http://tlio.ovi.cnr.it/voci/050191.htm
raschiato,agg.,
raschiatura,s.f.,
raschioso,agg.,
rasciugante,agg.,
rasciugare,v.,
rasciuttare,v.,
rasciutto,agg.,
rascóndere,v.,
rasenga,s.f.,
rasentare,v.,http://tlio.ovi.cnr.it/voci/042758.htm
rasente,prep.,
raserio,s.m.,
rasiera,s.f.,
rasiere,s.m.,
rasmo,s.m.,
raso,agg./s.m.,
rasoia,s.f.,
rasoio,s.m.,
raspamento,s.m.,
raspante,agg.,
raspanti,s.m.pl.,
raspare,v.,http://tlio.ovi.cnr.it/voci/050814.htm
raspèo,s.m.,
raspettare,v.,http://tlio.ovi.cnr.it/voci/r49277.htm
raspo,-1,
  'grappolo',,
raspo,-2,
  'rogna',,
raspolletto,s.m.,
raspollo,s.m.,
ràspolo,s.m.,
rassaggiare,v.,
rassaldare,v.,http://tlio.ovi.cnr.it/voci/051741.htm
rassalire,v.,http://tlio.ovi.cnr.it/voci/051679.htm
rassaltare,v.,
rassalto,s.m.,
rassato,agg.,
rassedere,v.,http://tlio.ovi.cnr.it/voci/051680.htm
rassegna,s.f.,
rassegnagione,s.f.,
rassegnamento,s.m.,
rassegnare,v.,
rassegnatore,s.m.,
rassegno,agg.,
rasselvare,v.,http://tlio.ovi.cnr.it/voci/050229.htm
rassembramento,-1,
  'riunione',,
rassembramento,-2,
  'imitazione',(FC),
rassembrare,v.,
  'adunare',,
rassembrare,v.,
  'assomigliare',,
rassemplare,v.,http://tlio.ovi.cnr.it/voci/051681.htm
rassemprare,v.,http://tlio.ovi.cnr.it/voci/r51739.htm
rasserenare,v.,http://tlio.ovi.cnr.it/voci/042763.htm
rassettare,v.,
rassicurare,v.,
rassicurato,agg.,
rassodare,v.,http://tlio.ovi.cnr.it/voci/042764.htm
rassodato,agg.,
rassomigliare,v.,http://tlio.ovi.cnr.it/voci/038630.htm
rassottigliare,v.,http://tlio.ovi.cnr.it/voci/046929.htm
rassu,agg./avv.,
rassultare,v.,http://tlio.ovi.cnr.it/voci/r29695.htm
rastellare,v.,http://tlio.ovi.cnr.it/voci/r37868.htm
rastello,s.m.,
rastoppiaticcia,s.f.,
rastrellare,v.,http://tlio.ovi.cnr.it/voci/037862.htm
rastrelliera,s.f.,
rastrellino,s.m.,
rastrello,s.m.,
rastrìngere,v.,http://tlio.ovi.cnr.it/voci/045772.htm
rastro,s.m.,
rasura,s.f.,
rata,s.f.,
rati,s.f.,
ratìa,s.f.,
ràtico,agg./s.m.,
ratificamento,s.m.,
ratificare,v.,
ratificazione,s.f.,
ratilia,s.f.,
ratìo,avv.,
rato,-1,
rato,-2,
ratra,s.f.,
rattaccare,v.,
rattamente,avv.,
rattardare,v.,
rattemperamento,s.m.,
rattemperare,v.,http://tlio.ovi.cnr.it/voci/038486.htm
rattemperato,agg.,
rattenere,v.,
rattenimento,s.m.,
rattenitura,s.f.,
rattento,s.m.,
rattenuta,s.f.,
rattenuto,agg.,
ratterrare,v.,http://tlio.ovi.cnr.it/voci/045310.htm
rattezza,s.f.,
rattiepidare,v.,http://tlio.ovi.cnr.it/voci/050301.htm
rattiepidire,v.,http://tlio.ovi.cnr.it/voci/050302.htm
rattiepidito,agg.,
ratto,-1,
ratto,-2,
ratto,-3,
rattore,s.m./agg.,
rattorniare,v.,http://tlio.ovi.cnr.it/voci/045312.htm
rattorniato,agg.,
rattorto,agg.,
rattrappamento,s.m.,
rattrappare,v.,
rattrappato,agg.,
rattrarre,v.,
rattratto,agg./s.m.,
rattristare,v.,
raucas,s.i.,
raucèdine,s.f.,
rauchezza,s.f.,
rauco,agg./s.m.,
raudam,s.i.,
raumiliare,v.,
raumiliato,agg.,
rauncino,agg.,
rauraci,s.m.pl.,
rauracori,s.m.pl.,
rava,s.f.,
ravaglione,s.m.,
ravaglioso,s.m.,
ravagogo,s.m.,
ràvano,s.m.,
ravazzuolo,s.m.,
raveggiolo,s.m.,
ravennate,agg.,
ravennese,agg./s.m.,
raverusto,s.m.,
raviggiolo,s.m.,
raviggiuolo,s.m.,
ravignano,-1,
  'ravennate',,
ravignano,-2,
  'moneta',,
ravino,agg.,
raviola,s.f.,
raviolo,s.m.,
raviressa,s.f.,
raviuoli,s.m.pl.,
raviuolo,s.m.,
ravizza,s.f.,
ravo,agg.,
ravvedere,v.,
ravvedimento,s.m.,
ravviare,v.,http://tlio.ovi.cnr.it/voci/051683.htm
ravvicinare,v.,http://tlio.ovi.cnr.it/voci/051297.htm
ravvilare,v.,http://tlio.ovi.cnr.it/voci/051684.htm
ravviluppamento,s.m.,
ravviluppare,v.,http://tlio.ovi.cnr.it/voci/013703.htm
ravviluppato,agg.,
ravvìncere,v.,
ravvisare,v.,http://tlio.ovi.cnr.it/voci/043916.htm
ravvistare,v.,http://tlio.ovi.cnr.it/voci/050304.htm
ravvivare,v.,http://tlio.ovi.cnr.it/voci/050305.htm
ravvivolare,v.,http://tlio.ovi.cnr.it/voci/050306.htm
ravvòlgere,v.,
ravvolgimento,s.m.,
ravvolta,s.f.,
ravvolto,agg./s.m.,
raziocinabilità,s.f.,
raziocinamento,s.m.,
raziocinare,v.,http://tlio.ovi.cnr.it/voci/046707.htm
raziocinazio,s.f.,
raziocinazione,s.f.,
raziocinio,s.m.,
raziocinità,s.f.,
razionàbile,agg.,
razionabilità,s.f.,
razionale,-1,
razionale,-2,
  'ornamento',,
razionalità,s.f.,
razionalmente,avv.,
razionazione,s.f.,
razione,s.f.,
razza,-1,
razza,-2,
razza,-3,
  'raggio',,
razzaio,s.m.,
razzante,agg.,
razzappara,s.f.,
razzare,v.,
  'raschiare',,
razzare,v.,http://tlio.ovi.cnr.it/voci/r41267.htm
razzese,agg./s.m.,
razzo,-1,
razzo,-2,
razzo,-3,
razzolare,v.,http://tlio.ovi.cnr.it/voci/047736.htm
razzolire,v.,http://tlio.ovi.cnr.it/voci/047737.htm
re,-1,
  'monarca',,
re,-2,
  'nota,musicale',
re,-3,
  'lat.,res',
reaccelare,v.,
reale,-1,
  'esistente',,
reale,-2,
  'del,re',
reale,-3,
  'moneta',,
realità,-1,
  'autorità,regale',
realmente,avv.,
realtà,s.f.,
reame,s.m.,
reamente,avv.,
reatino,s.m.,
reato,s.m.,
rebea,s.f.,
rebiglio,s.m.,
rebiglioso,agg.,
reboato,s.m.,
rebotto,s.m.,
rebrunicare,v.,
recabiti,s.m.pl.,
recacchiare,v.,http://tlio.ovi.cnr.it/voci/048991.htm
recalcegiare,v.,
recamento,s.m.,
recanate,s.m.,
recàpito,s.m.,
recappare,v.,http://tlio.ovi.cnr.it/voci/051686.htm
recarcarolo,s.m.,
recare,v.,
recata,s.f.,
recato,agg./s.m.,
recatore,s.m.,
recatura,s.f.,
recchiata,s.f.,
recchio,agg.,
recchiuto,agg.,
recedente,s.m.,
recèdere,v.,http://tlio.ovi.cnr.it/voci/051300.htm
recensire,v.,http://tlio.ovi.cnr.it/voci/051301.htm
recentare,v.,http://tlio.ovi.cnr.it/voci/046930.htm
recente,agg.,
recentemente,avv.,
rècere,v.,
recessare,v.,http://tlio.ovi.cnr.it/voci/r51798.htm
recessione,s.f.,
recesso,s.m.,
recettàbile,agg.,
recettìbile,agg.,
recettibilità,s.f.,
recettore,s.m.,
receverente,agg.,
recezione,s.f.,
rechiezar,v.,
reciar,v.,
recìdere,v.,
recidimento,s.m.,
reciditura,s.f.,
recìngere,v.,
recìpere,v.,
recipiente,agg./s.m.,
reciprocare,v.,http://tlio.ovi.cnr.it/voci/041870.htm
reciprocazione,s.f.,
recìproco,agg.,
recisa,s.f.,
recisamente,avv.,
reciso,agg.,
recitamento,s.m.,
recitare,v.,
recitatore,s.m.,
recitazione,s.f.,
reclamare,v.,
reclamazione,s.f.,
reclamo,s.m.,
reclamore,s.m.,
reclarato,agg.,
reclinare,v.,
reclinato,agg.,
reclinazione,s.f.,
reclùdere,v.,http://tlio.ovi.cnr.it/voci/044802.htm
reclusa,s.f.,
reclusione,s.f.,
recluso,agg.,
recogitare,v.,
recòlere,v.,http://tlio.ovi.cnr.it/voci/039700.htm
recollettore,s.m.,
recollezione,s.f.,
recollìgere,v.,
recolta,s.f.,
recoltare,v.,
recoltato,agg.,
recolteggiare,v.,
recoluto,agg.,
recòndere,v.,
recotitura,s.f.,
recreto,agg.,
reculare,v.,http://tlio.ovi.cnr.it/voci/r41416.htm
recumber,v.,
recuperare,v.,
recuperato,agg.,
recuperatore,s.m.,
recuperazione,s.f.,
reda,s.f./s.m.,
redare,v.,http://tlio.ovi.cnr.it/voci/026079.htm
redarguente,s.m.,
redarguire,v.,http://tlio.ovi.cnr.it/voci/048992.htm
redarguizione,s.f.,
redatto,agg.,
redazione,s.f.,
rèddere,v.,
reddimento,s.m.,
reddire,v.,http://tlio.ovi.cnr.it/voci/r26459.htm
reddita,s.f.,
rèddita,s.f.,
rèddito,s.m.,
reddo,agg.,
redduto,agg.,
rede,s.m./s.f.,
redento,agg./s.m.,
redentore,s.m.,
redenza,s.f.,
redenzione,s.f.,
rederella,s.f.,
redes,s.f.,
redetare,v.,http://tlio.ovi.cnr.it/voci/r25258.htm
redetata,s.f.,
redetato,s.m.,
redezo,s.m.,
redìgere,v.,
redìmere,v.,
redimire,v.,
  'incoronare',,
redimire,v.,http://tlio.ovi.cnr.it/voci/r41270.htm
redimito,agg.,
rèdina,-1,
redina,-2,
rèdine,s.f.,
redintegrazione,s.f.,
redire,v.,http://tlio.ovi.cnr.it/voci/026394.htm
redità,s.f.,
redita,s.f.,
reditaggio,s.m.,
reditare,v.,http://tlio.ovi.cnr.it/voci/r25261.htm
redito,agg.,
reditore,s.m.,
redittore,s.m.,
redituro,agg.,
redolente,agg.,
redolere,v.,
reduplicato,agg.,
reefranchìo,s.m.,
reezza,s.f.,
refe,s.m.,
referendario,s.m.,
refetto,v.,
refetto,-2,
refettoniere,s.m.,
refettorio,s.m.,
refezionare,v.,http://tlio.ovi.cnr.it/voci/043572.htm
refezione,s.f.,
rèfica,s.f.,
reficiamento,s.m.,
reficiare,v.,
refluire,v.,http://tlio.ovi.cnr.it/voci/r37040.htm
refocare,v.,http://tlio.ovi.cnr.it/voci/r50351.htm
refocato,agg.,
refrigerante,agg.,
refrigerare,v.,http://tlio.ovi.cnr.it/voci/048492.htm
refrigerativo,agg.,
refrigerato,agg.,
refrigeratorio,agg.,
refrigerazione,s.f.,
refrigerio,s.m.,
refudio,s.m.,
refusura,s.f.,
refutaggio,s.m.,
refutanza,s.f.,
refutare,v.,
regaitom,s.m.,
regajo,s.m.,
regale,agg./s.m.,
regalia,s.f.,
regalmente,avv.,
regatta,s.f.,
regattare,v.,
rege,s.m.,
regesta,s.f.,
regge,s.f.,
reggente,agg./s.m.,
reggenza,s.f.,
règgere,v.,
reggia,-1,
reggiana,s.f.,
reggiano,-1,
reggiano,-2,
reggiarìa,s.f.,
reggidezza,s.f.,
reggimento,s.m.,
reggino,s.m.,
reggitivo,agg.,
reggitore,s.m.,
reggitrice,s.f./agg.,
reggiuola,s.f.,
regillense,agg.,
regìmine,s.m.,
regina,s.f.,
regio,agg.,
regioire,v.,
regione,s.f.,
regiosia,s.f.,
registramento,s.m.,
registrare,v.,
registratura,s.f.,
registrazione,s.f.,
registro,s.m.,
regitano,agg./s.m.,
regna,s.f.,
regname,s.m.,
regnamento,s.m.,
regnante,agg./s.m.,
regnare,v.,
regnativo,agg.,
regnato,agg.,
regnatore,s.m.,
regnìcolo,s.m./agg.,
regno,s.m.,
rego,s.m.,
regognoso,agg.,
règola,s.f.,
regolamento,s.m.,
regolante,agg.,
regolare,-1,
regolare,v.,
regolarità,s.f.,
regolarmente,avv.,
regolatamente,avv.,
regolativo,agg.,
regolato,agg./s.m.,
regolatore,s.m.,
regolatrice,s.f.,
regolazione,s.f.,
regolizia,s.f.,
règolo,-1,
  'asticciola',,
règolo,-2,
regoluzzo,s.m.,
regoroso,s.m.,
regredire,v.,http://tlio.ovi.cnr.it/voci/027127.htm
regressione,s.f.,
regresso,s.m. ,
reguerdon,s.m.,
rei,s.m.pl.,
reiara,s.f.,
reiessire,v.,http://tlio.ovi.cnr.it/voci/r47813.htm
reietto,v.,
reietto,-2,
reincalmare,v.,
reincìpere,v.,
reintegrare,v.,
reintegrato,agg.,
reinterdire,v.,
reintrodurre,v.,http://tlio.ovi.cnr.it/voci/031826.htm
reità,s.f.,
reiteramento,s.m.,
reiterare,v.,http://tlio.ovi.cnr.it/voci/046840.htm
reiterazione,s.f.,
relanico,s.m.,
relativo,agg./s.m.,
relato,agg.,
relazio,s.f.,
relazione,s.f.,
relegamento,s.m.,
relegare,v.,
relegato,agg./s.m.,
relegazione,s.f.,
relentor,agg.,
religione,s.f.,
religiosa,s.f.,
religiosamente,avv.,
religiosità,s.f.,
religioso,agg./s.m.,
relìnquere,v.,
reliquia,s.f.,
reliquiere,s.m.,
reliquio,s.m.,
reliquo,-1,
reliquo,-2,
relitta,s.f.,
relitto,agg./s.m.,
relogio,s.m.,
relugor,s.m.,
rema,-1,
rema,-2,
remacchiato,agg.,
remaio,s.m.,
remare,v.,http://tlio.ovi.cnr.it/voci/051303.htm
remàtico,agg.,
rematismo,s.m.,
rematore,s.m.,
rembolare,v.,
remeggio,s.m.,
remesedada,s.f.,
remesedar,v.,http://tlio.ovi.cnr.it/voci/043645.htm
remiero,s.m.,
remigante,s.m.,
remigare,v.,
remigatore,s.m.,
remigiare,v.,http://tlio.ovi.cnr.it/voci/033598.htm
remigio,s.m.,
reminiscenza,s.f.,
remissìbile,agg.,
remissio,s.f.,
remissione,s.f.,
remissiva,s.f.,
remissivo,agg.,
remisso,agg.,
remita,-1,
remita,-2,
remitano,s.m./agg.,
remìtico,agg.,
remito,s.m.,
remo,s.m.,
remodicio,s.m.,
rèmola,s.f.,
remolese,s.m.,
remolino,s.m.,
remolire,v.,
rèmolo,s.m.,
remonios,agg.,
remotamente,avv.,
remotiore,agg.,
remoto,agg./s.m.,
rempairare,v.,
remuno,s.m.,
remuscinare,v.,http://tlio.ovi.cnr.it/voci/r39643.htm
réna,-1,
rèna,-2,
renaccio,s.m.,
renaio,s.m.,
renaiolo,s.m.,
renaiuolo,s.m.,
renale,agg.,
renclastro,s.m.,
renda,s.f.,
rendàbile,agg.,
rèndere,v.,
rendévole,agg.,
rendìbile,agg.,
rendimento,s.m.,
rèndita,s.f.,
renditàbile,agg.,
renditore,s.m.,
rendizione,s.f.,
renduta,s.f.,
renduto,agg./s.m.,
rene,s.m.,
renella,s.f.,
renenga,s.f.,
renenghella,s.f.,
renese,agg.,
renge,s.f.,
renghiera,s.f.,
reni,s.f./s.m.pl.,
renitente,agg.,
renomo,s.m.,
renoso,agg.,
rensa,-1,
  'tessuto',,
rensa,-2,
  'ciò,che,
rensedare,v.,
renta,s.f.,
rente,avv.,
renùncolo,s.m.,
reo,agg./s.m.,
repairare,v.,
reparàbile,agg.,
repasimare,v.,http://tlio.ovi.cnr.it/voci/048301.htm
repatriazione,s.f.,
repèllere,v.,
repensazione,s.f.,
repentaglia,s.f.,
repentaglio,s.m.,
repente,agg./avv.,
repentemente,avv.,
repentinamente,avv.,
repentino,agg.,
rèpere,v.,http://tlio.ovi.cnr.it/voci/051624.htm
reperire,v.,http://tlio.ovi.cnr.it/voci/051625.htm
repertorio,s.m.,
repetizio,s.f.,
repetundario,agg./s.m.,
rèpitu,s.m.,
replèndere,v.,
replere,v.,http://tlio.ovi.cnr.it/voci/051429.htm
repleto,agg.,
replezione,s.f.,
replicamento,s.m.,
replicare,v.,
replicazione,s.f.,
replùere,v.,http://tlio.ovi.cnr.it/voci/027900.htm
repositario,agg.,
repositorio,s.m.,
reposizione,s.f.,
repotamento,s.m.,
repotare,v.,
repotìo,s.m.,
reprensorio,agg.,
reprenza,s.f.,
repressare,v.,http://tlio.ovi.cnr.it/voci/051828.htm
repressione,s.f.,
repressive,avv.,
repressivo,agg.,
represso,agg.,
reprìmere,v.,http://tlio.ovi.cnr.it/voci/041873.htm
reprimimento,s.m.,
rèprobo,agg./s.m.,
reprochiare,v.,http://tlio.ovi.cnr.it/voci/r38521.htm
repropriare,v.,
repruzare,v.,
repruzo,s.m.,
repùbblica,s.f.,
repulsatore,s.m.,
repulsione,s.f.,
reputante,agg.,
reputanza,s.f.,
reputare,v.,
reputato,agg.,
reputazione,s.f.,
requerenza,s.f.,
requiare,v.,
requie,s.f./s.m.,
requirisone,s.f.,
requisire,v.,
requisito,s.m.,
requisizione,s.f.,
resca,s.f.,
rescar,s.m.,
reschiniar,v.,
rescìndere,v.,http://tlio.ovi.cnr.it/voci/050307.htm
rescisso,agg.,
resciuccare,v.,
resciucco,agg.,
rescóndere,v.,
rescosamente,avv.,
rescoso,agg./s.m.,
rescritto,s.m.,
resecare,v.,
resecato,s.m.,
resemprare,v.,http://tlio.ovi.cnr.it/voci/r51740.htm
resentare,v.,
resente,agg.,
resgo,s.m.,
resìa,s.f.,
resiarca,s.m.,
residente,agg./s.m.,
residentemente,avv.,
residenza,s.f.,
residuo,agg./s.m.,
resignare,v.,
resignazione,s.f.,
resilire,v.,
rèsina,s.f.,
resistente,agg./s.m.,
resistenza,s.f.,
resìstere,v.,
resistivo,agg.,
resisto,s.m.,
resmuiào,agg.,
resoncion,s.f.,
respegar,v.,
respenso,s.m.,
respìngere,v.,http://tlio.ovi.cnr.it/voci/049209.htm
respirare,v.,
respirato,agg.,
respirazione,s.f.,
responsale,agg.,
responsione,s.f.,
responsiva,s.f.,
responsivo,agg.,
responso,s.m.,
responsorio,s.m.,
responsura,s.f.,
ressa,s.f.,
ressorte,s.f.,
resta,-1,
  'arista,del,
resta,-2,
  'filza',,
resta,-3,
  'appoggio,della,
resta,-4,
  'arresto',,
resta,-5,
  'resto',,
restaggio,s.m.,
restaiolo,s.m.,
restamento,s.m.,
restante,agg./s.m.,
restanza,s.f.,
restare,v.,
  'rimanere',,
restata,s.f.,
restato,agg.,
restauramento,s.m.,
restaurare,v.,
restaurazione,s.f.,
restaure,s.f.,
restauro,s.m.,
restinto,agg.,
restìo,agg.,
restituente,s.m.,
restituimento,s.m.,
restituire,v.,
restituito,agg./s.m.,
restitutore,s.m.,
restituzio,s.f.,
restituzione,s.f.,
restivazione,s.f.,
restiver,v.,
resto,-1,
  'avanzo',,
resto,-2,
  'arresto',,
resto,-3,
  'fuscello';,'cavo',
restoio,s.m.,
restoso,agg.,
restrìngere,v.,
restringimento,s.m.,
restringitore,s.m.,
restringitura,s.f.,
restrittivo,agg.,
restrizione,s.f.,
restuto,agg.,
resudare,v.,http://tlio.ovi.cnr.it/voci/r48661.htm
resudazione,s.f.,
resullare,v.,
resùmere,v.,
resupino,agg.,
resurressi,s.m.,
resurressio,s.m.,
resurressire,v.,http://tlio.ovi.cnr.it/voci/030384.htm
resurrezione,s.f.,
retacchio,s.m.,
retaggio,s.m.,
retata,s.f.,
rete,s.f./s.m.,
retentire,v.,
retenza,s.f.,
retèo,agg.,
rethos,s.m.pl.,
reticella,s.f. ,
reticello,s.m.,
rètico,s.m./agg.,
retìcolo,s.m.,
rètina,-1,
rètina,-2,
retinàcolo,s.m.,
retinente,agg.,
retinenza,s.f.,
retinitiva,s.f.,
reto,s.m.,
retone,s.m.,
rètore,s.m.,
retòrica,s.f.,
retoricale,agg.,
retoricamente,avv.,
retòrico,agg./s.m.,
retribuire,v.,
retributivo,agg.,
retributore,s.m.,
retribuzione,s.f.,
retro,avv./prep./s.m.,
retroatto,agg.,
retrogito,agg.,
retrogradagione,s.f.,
retrogradare,v.,http://tlio.ovi.cnr.it/voci/028368.htm
retrogradazione,s.f.,
retrògrado,agg.,
retroguardia,s.f.,
retroguardio,s.m.,
retroguardo,s.m.,
retrorso,avv.,
retta,-1,
retta,-2,
rettamente,avv.,
rettante,agg.,
rettare,v.,
  'strisciare',,
rettare,v.,
  'da,retto',
rettìbile,agg.,
rettificagione,s.f.,
rettificamento,s.m.,
rettificare,v.,
rettificato,agg.,
rettificatore,s.m.,
rettificazione,s.f.,
rèttile,s.m.,
rettilìneo,agg.,
rettitùdine,s.f.,
retto,agg./s.m./avv.,
rettorato,s.m.,
rettore,s.m.,
rettorìa,s.f.,
rettoriato,s.m.,
rettòrica,s.f.,
reubàrbaro,s.m.,
reuma,-1,
reuma,-2,
reumaticante,agg.,
reumàtico,agg./s.m.,
reumatizzare,v.,http://tlio.ovi.cnr.it/voci/041948.htm
reupòntico,s.m.,
revaglio,agg.,
reverendévole,agg.,
reverendo,agg./s.m.,
reverenziale,agg.,
reversione,s.f.,
revertaie,s.f.pl.,
revìdere,v.,
reviscolar,v.,
revisione,s.f.,
revivìscere,v.,http://tlio.ovi.cnr.it/voci/050309.htm
revocàbile,agg.,
revocamento,s.m.,
revocare,v.,
revocatorio,agg.,
revocazione,s.f.,
revochevolmente,avv.,
revocilare,v.,
revolùbile,agg.,
revoluto,agg.,
revontare,v.,
reza,s.f.,
rezera,s.f.,
reziario,s.m.,
rezii,s.m.pl.,
rezza,s.f.,
rezzaglio,s.m.,
rezzo,s.m.,
riabitare,v.,http://tlio.ovi.cnr.it/voci/050310.htm
riaccèndere,v.,http://tlio.ovi.cnr.it/voci/r51177.htm
riaccendimento,s.m.,
riaccertare,v.,http://tlio.ovi.cnr.it/voci/r50247.htm
riacceso,agg.,
riaccorciare,v.,http://tlio.ovi.cnr.it/voci/r50248.htm
riaccusante,s.m.,
riaccusare,v.,http://tlio.ovi.cnr.it/voci/050035.htm
riaddossare,v.,http://tlio.ovi.cnr.it/voci/r50354.htm
riaffrancare,v.,
rialloggiare,v.,http://tlio.ovi.cnr.it/voci/r50249.htm
riallungare,v.,http://tlio.ovi.cnr.it/voci/r50355.htm
rialzare,v.,http://tlio.ovi.cnr.it/voci/050311.htm
riamare,v.,http://tlio.ovi.cnr.it/voci/051747.htm
riamazione,s.f.,
riamente,avv.,
riammassare,v.,http://tlio.ovi.cnr.it/voci/r50250.htm
riana,s.f.,
riandamento,s.m.,
riandare,v.,
rianfiteatro,s.m.,
riapparecchiare,v.,http://tlio.ovi.cnr.it/voci/r50356.htm
riappicciare,v.,http://tlio.ovi.cnr.it/voci/r08055.htm
riaprire,v.,
riarare,v.,
riàrdere,v.,
riardimento,s.m.,
riarguire,v.,
riarguto,agg.,
riarmare,v.,
riarso,agg./s.m.,
riascéndere,v.,
riaspettare,v.,http://tlio.ovi.cnr.it/voci/049265.htm
riassegnare,v.,
riassegnazione,s.f.,
riassùmere,v.,
riassunto,s.m.,
riassunzione,s.f.,
riattare,v.,http://tlio.ovi.cnr.it/voci/041481.htm
riattazione,s.f.,
riattivare,v.,
riavere,v.,
riavuta,s.f.,
riavvallare,v.,
riavvenire,v.,
riàzulo,s.m.,
ribaciare,v.,http://tlio.ovi.cnr.it/voci/034887.htm
ribadire,v.,
ribadito,agg.,
ribaditura,s.f.,
ribagnare,v.,http://tlio.ovi.cnr.it/voci/034888.htm
ribalda,s.f.,
ribaldaglia,s.f.,
ribaldeggiare,v.,http://tlio.ovi.cnr.it/voci/036437.htm
ribaldello,s.m.,
ribalderìa,s.f.,
ribaldesco,agg.,
ribaldessa,s.f.,
ribaldo,s.m./agg.,
ribalta,s.f.,
ribalzare,v.,
ribalzo,s.m.,
ribandigione,s.f.,
ribandimento,s.m.,
ribandire,v.,http://tlio.ovi.cnr.it/voci/040828.htm
ribandito,agg./s.m.,
ribanditura,s.f.,
ribassare,v.,http://tlio.ovi.cnr.it/voci/050821.htm
ribàttere,v.,
ribattezzare,v.,http://tlio.ovi.cnr.it/voci/042562.htm
ribattezzato,agg.,
ribattezzatore,s.m.,
ribattimento,s.m.,
ribattitura,s.f.,
ribattoso,agg.,
ribeba,-1,
  'misura,di,
ribeba,-2,
ribeca,s.f.,
ribecco,s.m.,
ribefanare,v.,http://tlio.ovi.cnr.it/voci/032435.htm
ribellamento,s.m.,
ribellante,agg./s.m.,
ribellare,v.,
ribellato,agg./s.m.,
ribellatrice,agg.,
ribellazione,s.f.,
ribelle,agg./s.m.,
ribellione,s.f.,
ribellire,v.,http://tlio.ovi.cnr.it/voci/040720.htm
ribello,-1,
  'contrasto',,
ribello,-2,
ribenedire,v.,http://tlio.ovi.cnr.it/voci/050822.htm
ribere,v.,
ribes,s.m.,
ribianchito,agg.,
ribiglioso,agg.,
ribisognare,v.,http://tlio.ovi.cnr.it/voci/034239.htm
riblandire,v.,http://tlio.ovi.cnr.it/voci/032437.htm
ribocca,s.f.,
riboccante,agg.,
riboccare,v.,http://tlio.ovi.cnr.it/voci/041876.htm
riboccato,agg.,
ribocco,s.m.,
ribola,s.f.,
ribollire,v.,
ribollito,agg.,
ribrezzo,s.m.,
ribruciare,v.,http://tlio.ovi.cnr.it/voci/049761.htm
ribuffare,v.,http://tlio.ovi.cnr.it/voci/048622.htm
ribuffato,agg.,
ribuffo,s.m.,
ributtamento,s.m.,
ributtare,v.,http://tlio.ovi.cnr.it/voci/050824.htm
ricacciante,agg.,
ricacciare,v.,
ricadente,agg.,
ricadere,v.,
ricadìa,s.f.,
ricadimento,s.m.,
ricaduta,s.f.,
ricaduto,agg.,
ricagnato,agg.,
ricalcitrare,v.,
ricalcolare,v.,
ricalpitare,v.,http://tlio.ovi.cnr.it/voci/032438.htm
ricalzare,v.,
ricalzato,agg.,
ricamare,v.,http://tlio.ovi.cnr.it/voci/049916.htm
ricamato,agg./s.m.,
ricamatura,s.f.,
ricambiare,v.,http://tlio.ovi.cnr.it/voci/045193.htm
ricamo,s.m.,
ricangiare,v.,http://tlio.ovi.cnr.it/voci/045194.htm
ricantare,v.,
ricantucciato,agg.,
ricapire,v.,
ricapitare,v.,
ricapitolare,v.,http://tlio.ovi.cnr.it/voci/050231.htm
ricapitolazione,s.f.,
ricapo,s.m.,
ricappellare,v.,
ricapriccio,s.m.,
ricarcerare,v.,http://tlio.ovi.cnr.it/voci/041061.htm
ricaricare,v.,http://tlio.ovi.cnr.it/voci/048753.htm
ricàrico,s.m.,
ricarminare,v.,http://tlio.ovi.cnr.it/voci/051920.htm
ricattamento,s.m.,
ricattare,v.,
ricattato,s.m.,
ricattatore,s.m.,
ricatto,s.m.,
ricavalcare,v.,http://tlio.ovi.cnr.it/voci/041062.htm
ricavare,v.,
riccamente,avv.,
riccare,v.,http://tlio.ovi.cnr.it/voci/040415.htm
ricchezza,s.f.,
ricchire,v.,http://tlio.ovi.cnr.it/voci/040416.htm
ricchità,s.f.,
ricciaia,s.f.,
ricciatoio,s.m.,
riccio,-1,
riccio,-2,
riccio,-3,
riccio,-4,
ricciolo,-1,
ricciolo,-2,
ricciuolo,s.m.,
ricciutello,agg.,
ricciuto,agg./s.m.,
ricco,agg./s.m.,
riccore,s.m.,
riccura,s.f.,
ricelamento,s.m.,
ricelare,v.,
ricelatamente,avv.,
ricelato,agg.,
ricerca,s.f.,
ricercamento,s.m.,
ricercante,s.m.,
ricercare,v.,
  'perlustrare',,
ricercare,v.,
  'riversare',,
ricercato,agg.,
ricercatore,s.m.,
ricercazione,s.f.,
ricèrnere,v.,
ricessamento,s.m.,
ricessare,v.,http://tlio.ovi.cnr.it/voci/051751.htm
ricetta,s.f.,
ricettàcolo,s.m.,
ricettagione,s.f.,
ricettamento,s.m.,
ricettare,v.,
ricettato,agg.,
ricettatore,s.m.,
ricettazione,s.f.,
ricettévole,agg.,
ricettivo,agg.,
ricetto,s.m.,
ricevente,agg./s.m.,
ricévere,v.,
riceverìa,s.f.,
ricevévole,agg.,
ricevimento,s.m.,
ricevitivo,agg.,
ricevitore,s.m.,
ricevitrice,s.f.,
ricevitura,s.f.,
ricevuta,s.f.,
ricevuto,agg./s.m.,
richèrere,v.,
richerimento,s.m.,
richeritore,s.m.,
richero,s.m.,
richiamamento,s.m.,
richiamante,s.m.,
richiamare,v.,
richiamato,agg.,
richiamatore,s.m.,
richiamatrice,agg.,
richiamazione,s.f.,
richiamo,s.m.,
richiamore,s.m.,
richiaramento,s.m.,
richiarare,v.,
richiedente,s.m.,
richièdere,v.,
richiedimento,s.m.,
richieditore,s.m.,
richierita,s.f.,
richiesta,s.f.,
richiesto,s.m./agg.,
richinare,v.,
richinato,agg.,
richinatoio,s.m.,
richiùdere,v.,
richiudimento,s.m.,
richiuditore,s.m.,
richiusa,s.f.,
richiuso,agg.,
ricignare,v.,http://tlio.ovi.cnr.it/voci/027901.htm
ricioncare,v.,http://tlio.ovi.cnr.it/voci/032683.htm
ricircolare,v.,http://tlio.ovi.cnr.it/voci/041063.htm
ricitriare,v.,
ricocimento,s.m.,
ricògliere,v.,http://tlio.ovi.cnr.it/voci/r08056.htm
ricoglimento,s.m.,
ricoglitore,s.m.,
ricoglitrice,s.f.,
ricoglitura,s.f.,
ricognizione,s.f.,
ricolare,v.,http://tlio.ovi.cnr.it/voci/041396.htm
ricollocare,v.,http://tlio.ovi.cnr.it/voci/050825.htm
ricolmare,v.,http://tlio.ovi.cnr.it/voci/050826.htm
ricolmato,agg.,
ricolta,s.f.,
ricoltella,s.f.,
ricombàttere,v.,http://tlio.ovi.cnr.it/voci/043981.htm
ricominciamento,s.m.,
ricominciare,v.,
ricomméttere,v.,
  'mettere,di,
ricomméttere,v.,
  'compiere,di,
ricomparazione,s.f.,
ricompartire,v.,http://tlio.ovi.cnr.it/voci/051830.htm
ricompensa,s.f.,
ricompensagione,s.f.,
ricompensamento,s.m.,
ricompensare,v.,http://tlio.ovi.cnr.it/voci/042867.htm
ricompensatore,s.m.,
ricompensazione,s.f.,
ricómpera,s.f.,
ricomperamento,s.m.,
ricomperatura,s.f.,
ricomperazione,s.f.,
ricomperévole,agg.,
ricómpero,agg.,
ricómpiere,v.,
ricompilare,v.,http://tlio.ovi.cnr.it/voci/051506.htm
ricompilazione,s.f.,
ricompimento,s.m.,
ricomporre,v.,
ricomprare,v.,
ricomprato,agg.,
ricompratore,s.m.,
ricomprèndere,v.,
ricomùnica,s.f.,
ricomunicare,v.,http://tlio.ovi.cnr.it/voci/047298.htm
ricomunicazione,s.f.,
riconciare,v.,http://tlio.ovi.cnr.it/voci/043085.htm
riconciatura,s.f.,
riconciliamento,s.m.,
riconciliare,v.,http://tlio.ovi.cnr.it/voci/048458.htm
riconciliato,agg.,
riconciliatore,s.m.,
riconciliazione,s.f.,
riconcio,agg./s.m.,
ricondire,v.,
ricondotto,agg.,
ricondurre,v.,
riconfermare,v.,http://tlio.ovi.cnr.it/voci/051752.htm
riconfermazione,s.f.,
riconfessare,v.,http://tlio.ovi.cnr.it/voci/041064.htm
riconficcare,v.,http://tlio.ovi.cnr.it/voci/041065.htm
riconformare,v.,http://tlio.ovi.cnr.it/voci/033280.htm
riconfortare,v.,
riconfortato,agg.,
riconforto,s.m.,
riconforzare,v.,http://tlio.ovi.cnr.it/voci/032440.htm
ricongiùngere,v.,http://tlio.ovi.cnr.it/voci/039693.htm
ricongiungimento,s.m.,
ricongiunto,agg.,
ricongiunzione,s.f.,
ricongregare,v.,http://tlio.ovi.cnr.it/voci/050233.htm
riconiato,agg.,
riconoscente,agg.,
riconoscenza,s.f.,
riconóscere,v.,
riconoscianza,s.f.,
riconoscimento,s.m.,
riconosciuto,agg.,
riconquistare,v.,
riconsiderare,v.,http://tlio.ovi.cnr.it/voci/052192.htm
riconsigliare,v.,
riconsolamento,s.m.,
riconsolare,v.,http://tlio.ovi.cnr.it/voci/051205.htm
riconsolare,v.,http://tlio.ovi.cnr.it/voci/051206.htm
riconsolatore,s.m.,
riconsolazione,s.f.,
ricónsolo,s.m.,
ricontare,v.,
riconto,s.m.,
ricontraddire,v.,http://tlio.ovi.cnr.it/voci/050312.htm
ricontrare,v.,http://tlio.ovi.cnr.it/voci/045930.htm
ricontrarre,v.,
riconturbare,v.,http://tlio.ovi.cnr.it/voci/041066.htm
riconvenire,v.,http://tlio.ovi.cnr.it/voci/044829.htm
riconvenzione,s.f.,
riconvertire,v.,http://tlio.ovi.cnr.it/voci/051508.htm
riconvitare,v.,http://tlio.ovi.cnr.it/voci/051754.htm
ricoperchiare,v.,
ricoperta,s.f.,
ricopertare,v.,
ricoperto,agg.,
ricoprimento,s.m.,
ricoprire,v.,
ricopritore,s.m.,
ricopritura,s.f.,
ricordamento,s.m.,
ricordante,agg./s.m.,
ricordanza,s.f.,
ricordare,v.,
ricordativo,agg.,
ricordato,agg.,
ricordatore,s.m.,
ricordatrice,s.f./agg.,
ricordazione,s.f.,
ricordévole,agg.,
ricordevolmente,avv.,
ricordo,s.m.,
ricoricare,v.,http://tlio.ovi.cnr.it/voci/051755.htm
ricoronare,v.,http://tlio.ovi.cnr.it/voci/032684.htm
ricorrèggere,v.,
ricorrente,s.m.,
ricórrere,v.,
ricorrimento,s.m.,
ricorsione,s.f.,
ricorso,s.m.,
ricorsoio,agg.,
ricorteare,v.,http://tlio.ovi.cnr.it/voci/050313.htm
ricorteato,agg.,
ricortèo,s.m.,
ricostamento,s.m.,
ricostare,v.,http://tlio.ovi.cnr.it/voci/048593.htm
ricotonatura,s.f.,
ricotta,s.f.,
ricotto,-1,
ricotto,-2,
ricoveramento,s.m.,
ricoveranza,s.f.,
ricoverare,v.,
ricoveratore,s.m.,
ricoverévole,agg.,
ricóvero,s.m.,
ricreamento,s.m.,
ricreante,agg.,
ricreare,v.,http://tlio.ovi.cnr.it/voci/051434.htm
ricreazioncella,s.f.,
ricreazione,s.f.,
ricredentare,v.,
ricredente,agg./s.m.,
ricredentemente,avv.,
ricredentìa,s.f.,
ricrédere,v.,
ricredimento,s.m.,
ricreduto,agg.,
ricrèo,s.m.,
ricrescente,agg./s.m.,
ricrescenza,s.f.,
ricréscere,v.,
ricrescimento,s.m.,
ricrìo,s.m.,
ricrùdine,s.f.,
ricrudo,s.m.,
ricto,s.m.,
ricucire,v.,http://tlio.ovi.cnr.it/voci/009276.htm
ricucito,agg.,
riculare,v.,http://tlio.ovi.cnr.it/voci/041397.htm
riculato,agg.,
ricuòcere,v.,http://tlio.ovi.cnr.it/voci/034890.htm
ricurare,v.,
ricurvo,agg.,
ricusa,s.f.,
ricusamento,s.m.,
ricusante,agg./s.m.,
ricusare,v.,
ricusato,agg.,
ricusazione,s.f.,
rida,s.f.,
ridanneggiare,v.,http://tlio.ovi.cnr.it/voci/041067.htm
ridare,v.,
ridda,s.f.,
riddare,v.,http://tlio.ovi.cnr.it/voci/049497.htm
ridente,agg.,
ridenuncia,s.f.,
rìdere,v.,
ridestare,v.,
ridévole,agg.,
ridicimento,s.m.,
ridicitore,s.m.,
ridicitrice,s.f.,
ridìcolo,agg.,
ridire,v.,
ridire,v.,http://tlio.ovi.cnr.it/voci/r34016.htm
ridirizzare,v.,http://tlio.ovi.cnr.it/voci/042655.htm
ridirizzato,agg.,
riditore,s.m.,
ridoblare,v.,
ridolcezza,s.f.,
ridolcire,v.,http://tlio.ovi.cnr.it/voci/042657.htm
ridolere,v.,
  'da,dolere',
ridomandare,v.,
ridonare,v.,
ridondare,v.,http://tlio.ovi.cnr.it/voci/044578.htm
ridoppiare,v.,
ridoppio,s.m.,
ridottàbile,agg.,
ridottanza,s.f.,
ridottare,v.,http://tlio.ovi.cnr.it/voci/037010.htm
ridottato,agg.,
ridottévole,agg.,
ridotto,-1,
ridotto,-2,
riducimento,s.m.,
riducitore,s.m.,
riducitrice,s.f.,
ridurre,v.,
riduttore,s.m.,
riduzione,s.f.,
rièdere,v.,http://tlio.ovi.cnr.it/voci/r26461.htm
riedificare,v.,
riedificatore,s.m.,
riedificazione,s.f.,
riello,s.m.,
rieme,s.i.,
riempiente,agg.,
riempimento,s.m.,
riempire,v.,
riempito,agg.,
riempitura,s.f.,
rienfiare,v.,
rientrare,v.,
rientrata,s.f.,
rientrato,agg.,
riepilogare,v.,
riepilogazione,s.f.,
riersare,v.,http://tlio.ovi.cnr.it/voci/046416.htm
rierzare,v.,http://tlio.ovi.cnr.it/voci/r46451.htm
rièssere,v.,
riezza,s.f.,
rifabbricare,v.,http://tlio.ovi.cnr.it/voci/050828.htm
rifacimento,s.m.,
rifacitura,s.f.,
rifanti,agg.,
rifare,v.,
rifasciare,v.,http://tlio.ovi.cnr.it/voci/039561.htm
rifatto,agg./s.m.,
rifattore,s.m.,
rifavellare,v.,
rifazione,s.f.,
riféndere,v.,
rifèo,agg.,
riferare,v.,
riferimento,s.m.,
riferire,v.,
  'raccontare,fatti',
riferire,v.,
  'ferire,di,
riferitore,s.m.,
riferma,s.f.,
rifermare,v.,
rifermato,agg.,
riferrare,v.,
riferratura,s.f.,
rifesso,agg.,
riffuso,s.m.,
rifiammeggiante,agg.,
rifiammeggiare,v.,http://tlio.ovi.cnr.it/voci/050829.htm
rifiatare,v.,
rifiato,s.m.,
rifibbiare,v.,
rificcare,v.,http://tlio.ovi.cnr.it/voci/050957.htm
rifidanza,s.f.,
rifidare,v.,http://tlio.ovi.cnr.it/voci/048357.htm
rifidazione,s.f.,
rifìggere,v.,http://tlio.ovi.cnr.it/voci/049529.htm
rifigliare,v.,http://tlio.ovi.cnr.it/voci/033281.htm
rifigurare,v.,http://tlio.ovi.cnr.it/voci/049530.htm
rifilare,v.,
rifinare,v.,
rifinazione,s.f.,
rifìngere,v.,http://tlio.ovi.cnr.it/voci/050317.htm
rifinire,v.,
rifino,s.m.,
rifiorire,v.,
rifisso,agg.,
rifiutamento,s.m.,
rifiutanza,s.f.,
rifiutare,v.,
rifiutato,agg.,
rifiutatrice,s.f.,
rifiutazione,s.f.,
rifiuto,-1,
  'da,rifiutare',
rifiuto,-2,
  'rifugio',,
riflabina,s.f.,
riflessione,s.f.,
riflessivo,agg.,
riflesso,agg./s.m.,
riflèttere,v.,
rifluire,v.,http://tlio.ovi.cnr.it/voci/037013.htm
riflussione,s.f.,
riflusso,s.m.,
rifocare,v.,http://tlio.ovi.cnr.it/voci/050318.htm
rifocato,agg.,
rifocillamento,s.m.,
rifocillare,v.,http://tlio.ovi.cnr.it/voci/046049.htm
rifogare,v.,http://tlio.ovi.cnr.it/voci/050320.htm
rifondare,v.,
rifóndere,v.,
rifonditura,s.f.,
riformamento,s.m.,
riformante,agg./s.m.,
riformanza,s.f.,
riformare,v.,
riformativo,agg.,
riformatore,s.m.,
riformazione,s.f.,
rifornire,v.,
rifortificare,v.,http://tlio.ovi.cnr.it/voci/038293.htm
riforzare,v.,http://tlio.ovi.cnr.it/voci/042374.htm
riforzo,s.m.,
rifraiare,v.,
rifrancare,v.,
rifranchio,s.m.,
rifràngere,v.,
rifratto,agg.,
rifrazione,s.f.,
rifreddamento,s.m.,
rifreddare,v.,
rifreddato,agg./s.m.,
rifreddatura,s.f.,
rifreddo,agg.,
rifregare,v.,http://tlio.ovi.cnr.it/voci/046599.htm
rifrenamento,s.m.,
rifrenare,v.,
rifrenato,agg.,
rifrenazione,s.f.,
rifrenire,v.,
rifrescamento,s.m.,
rifrescare,v.,
rifrìggere,v.,http://tlio.ovi.cnr.it/voci/039562.htm
rifritto,agg.,
rifrondire,v.,http://tlio.ovi.cnr.it/voci/050321.htm
rifronzire,v.,http://tlio.ovi.cnr.it/voci/050322.htm
rifuggente,s.m.,
rifuggévole,agg.,
rifuggire,v.,http://tlio.ovi.cnr.it/voci/047837.htm
rifuggito,agg.,
rifuggo,s.m.,
rifugiare,v.,http://tlio.ovi.cnr.it/voci/040721.htm
rifugio,s.m.,
rifulgenza,s.f.,
rifùlgere,v.,http://tlio.ovi.cnr.it/voci/043984.htm
rifusante,agg./s.m.,
rifusanza,s.f.,
rifusare,v.,
rifuso,agg./s.m.,
rifutazione,s.f.,
riga,s.f.,
rigadolo,s.m.,
rigaglia,-1,
rigaglia,-2,
rigagna,s.f.,
rigagno,s.m.,
rigàgnolo,s.m.,
rigàligo,s.m.,
rigame,s.m.,
rigamento,s.m.,
riganello,s.m.,
rigare,v.,
  'da,riga',
rigare,v.,
  'irrigare',,
rigarello,s.m.,
rigato,agg.,
rigattiere,s.m.,
rigattu,s.m.,
rigatura,s.f.,
rigeneramento,s.m.,
rigenerare,v.,http://tlio.ovi.cnr.it/voci/038464.htm
rigenerato,s.m.,
rigenerazione,s.f.,
rigettamento,s.m.,
rigettante,agg./s.m.,
rigettare,v.,
rigettato,agg.,
rigettatore,s.m.,
righetta,s.f.,
righinetta,s.f.,
righiniar,v.,
rigiacere,v.,http://tlio.ovi.cnr.it/voci/042376.htm
rigibbare,v.,http://tlio.ovi.cnr.it/voci/039606.htm
rigidamente,avv.,
rigidetto,agg.,
rigidezza,s.f.,
rigidiale,agg.,
rigidità,s.f.,
rigidizia,s.f.,
rìgido,agg.,
rigiornare,v.,http://tlio.ovi.cnr.it/voci/032225.htm
rigiovanire,v.,http://tlio.ovi.cnr.it/voci/046932.htm
rigirare,v.,http://tlio.ovi.cnr.it/voci/051689.htm
rigire,v.,http://tlio.ovi.cnr.it/voci/051690.htm
rigiudicare,v.,
rigiùngere,v.,http://tlio.ovi.cnr.it/voci/039697.htm
rigiurare,v.,http://tlio.ovi.cnr.it/voci/051691.htm
riglia,s.f.,
rignisionello,s.m.,
rigo,s.m.,
rigoglio,s.m.,
rigogliosamente,avv.,
rigoglioso,agg./s.m.,
rigògolo,s.m.,
rigoletto,s.m.,
rìgolo,s.m.,
rigonfiare,v.,http://tlio.ovi.cnr.it/voci/024873.htm
rigore,-1,
  'severità;,'brivido',
rigore,-2,
rigorosamente,avv.,
rigorosità,s.f.,
rigoroso,agg.,
rigoso,agg.,
rigottato,agg.,
rigòttolo,s.m.,
rigovernare,v.,http://tlio.ovi.cnr.it/voci/051695.htm
rigrappare,v.,
rigravare,v.,http://tlio.ovi.cnr.it/voci/050323.htm
rigridare,v.,http://tlio.ovi.cnr.it/voci/046050.htm
riguadagnare,v.,http://tlio.ovi.cnr.it/voci/038294.htm
riguardamento,s.m.,
riguardante,agg./s.m./s.f.,
riguardare,v.,
riguardato,agg./s.m.,
riguardatore,s.m.,
riguardatrice,s.f.,
riguardatura,s.f.,
riguardévole,agg.,
riguardo,s.m.,
riguardoso,agg.,
riguarire,v.,http://tlio.ovi.cnr.it/voci/046935.htm
riguarnire,v.,http://tlio.ovi.cnr.it/voci/046936.htm
riguastare,v.,http://tlio.ovi.cnr.it/voci/046937.htm
riguatare,v.,http://tlio.ovi.cnr.it/voci/046938.htm
riguiderdonamento,s.m.,
riguiderdonare,v.,http://tlio.ovi.cnr.it/voci/039889.htm
riguigliardonare,v.,http://tlio.ovi.cnr.it/voci/r39895.htm
rilacciare,v.,http://tlio.ovi.cnr.it/voci/051831.htm
rilanciare,v.,
rilasciamento,s.m.,
rilasciare,v.,
rilasciare,v.,http://tlio.ovi.cnr.it/voci/r41276.htm
rilasciato,agg./s.m.,
rilasciazione,-1,
rilasciazione,-2,
rilascio,s.m.,
rilassamento,s.m.,
rilassare,v.,
rilassazione,s.f.,
rilasso,agg.,
rilattare,v.,
rilavato,agg.,
rilegamento,s.m.,
rilegare,v.,
rilegare,v.,http://tlio.ovi.cnr.it/voci/r41278.htm
rilegato,agg.,
rilegatura,s.f.,
rilèggere,v.,
rilenquire,v.,
rilentare,v.,http://tlio.ovi.cnr.it/voci/020560.htm
rilento,agg./s.m.,
riletto,agg.,
rilevamento,s.m.,
rilevante,s.m.,
rilevare,v.,
rilevatamente,avv.,
rilevaticcio,agg.,
rilevato,agg./s.m.,
rilevatore,s.m.,
rilevazione,s.f.,
rilevèa,s.f.,
rilievo,s.m.,
rilluminare,v.,http://tlio.ovi.cnr.it/voci/045689.htm
rilordare,v.,
rilucente,agg.,
rilùcere,v.,
rilucore,s.m.,
rilustrare,v.,http://tlio.ovi.cnr.it/voci/051697.htm
riluttante,agg.,
riluttare,v.,http://tlio.ovi.cnr.it/voci/040499.htm
riluttazione,s.f.,
rima,s.f.,
rimacinare,v.,http://tlio.ovi.cnr.it/voci/039564.htm
rimagrestem,s.i.,
rimandare,v.,
rimandata,s.f.,
rimandatura,s.f.,
rimanente,agg./s.m.,
rimanenza,s.f.,
rimanere,v.,
rimangiare,v.,http://tlio.ovi.cnr.it/voci/044263.htm
rimanimento,s.m.,
rimante,s.m.,
rimanzo,s.m.,
rimarcare,v.,http://tlio.ovi.cnr.it/voci/r36892.htm
rimarco,-1,
  'furfante',,
rimarco,-2,
rimare,v.,
rimaritare,v.,
rimaritato,agg.,
rimasa,s.f.,
rimaso,agg./s.m.,
rimasticare,v.,http://tlio.ovi.cnr.it/voci/032442.htm
rimasto,agg.,
rimasuglio,s.m.,
rimatetto,agg.,
rimato,agg./s.m./avv.,
rimatore,s.m.,
rimazzari,v.,
rimbagliare,v.,http://tlio.ovi.cnr.it/voci/039607.htm
rimbagnare,v.,http://tlio.ovi.cnr.it/voci/034891.htm
rimbaldanzire,v.,http://tlio.ovi.cnr.it/voci/051509.htm
rimbaldire,v.,
rimbalzare,v.,http://tlio.ovi.cnr.it/voci/043293.htm
rimbalzo,s.m.,
rimbambito,agg.,
rimbeccare,v.,http://tlio.ovi.cnr.it/voci/044265.htm
rimbellare,v.,http://tlio.ovi.cnr.it/voci/043647.htm
rimbellire,v.,http://tlio.ovi.cnr.it/voci/043648.htm
rimberciare,v.,http://tlio.ovi.cnr.it/voci/041069.htm
rimbiutare,v.,
rimboccare,v.,http://tlio.ovi.cnr.it/voci/041879.htm
rimboccato,agg.,
rimboccatura,s.f.,
rimbocco,s.m.,
rimbombamento,s.m.,
rimbombante,agg.,
rimbombare,v.,http://tlio.ovi.cnr.it/voci/047740.htm
rimbombévole,agg.,
rimbombìo,s.m.,
rimbombo,s.m.,
rimborrare,v.,http://tlio.ovi.cnr.it/voci/041070.htm
rimborrato,agg.,
rimboscare,v.,http://tlio.ovi.cnr.it/voci/032533.htm
rimbossolare,v.,
rimbottare,v.,http://tlio.ovi.cnr.it/voci/041072.htm
rimbracciare,v.,http://tlio.ovi.cnr.it/voci/041073.htm
rimbrencio,s.m.,
rimbroccia,s.f.,
rimbrocciare,v.,http://tlio.ovi.cnr.it/voci/r38523.htm
rimbroccio,s.m.,
rimbrottare,v.,http://tlio.ovi.cnr.it/voci/038581.htm
rimbrottévole,agg.,
rimbrotto,s.m.,
rimbruttire,v.,http://tlio.ovi.cnr.it/voci/044266.htm
rimbucare,v.,http://tlio.ovi.cnr.it/voci/047672.htm
rimbucato,agg.,
rimeare,v.,http://tlio.ovi.cnr.it/voci/051698.htm
rimediare,v.,
rimediatrice,s.f.,
rimedio,s.m.,
rimedire,v.,
rimeggio,-1,
rimeggio,-2,
rimembramento,s.m.,
rimembrante,agg./s.m.,
rimembranza,s.f.,
rimembrare,v.,http://tlio.ovi.cnr.it/voci/046717.htm
rimembrato,agg.,
rimembrazione,s.f.,
rimembrévole,agg.,
rimemorare,v.,http://tlio.ovi.cnr.it/voci/043917.htm
rimemoratore,s.m.,
rimenamento,s.m.,
rimenare,v.,
rimenatore,s.m.,
rimenatura,s.f.,
rimendare,v.,
rimendatore,s.m.,
rimendatrice,s.f.,
rimendatura,s.f.,
rimenìo,s.m.,
rimeno,s.m.,
rimentovare,v.,
rimeritamento,s.m.,
rimeritare,v.,
rimeritire,v.,
rimescolamento,s.m.,
rimescolare,v.,http://tlio.ovi.cnr.it/voci/049267.htm
rimescolato,agg.,
rimessa,s.f.,
rimessamente,avv.,
rimessedare,v.,http://tlio.ovi.cnr.it/voci/r43674.htm
rimessione,s.f.,
rimesso,agg./s.m.,
rimessolare,v.,
rimestare,v.,http://tlio.ovi.cnr.it/voci/044267.htm
rimesticare,v.,
rimettente,agg.,
riméttere,v.,
rimettimento,s.m.,
rimettitore,s.m.,
rimettitura,s.f.,
rimettura,s.f.,
rimicina,s.f.,
riminese,s.m.,
rimirante,agg.,
rimirare,v.,
  'guardare,intensamente',
rimirare,v.,
  'mutare,continuamente',
rimiro,s.m.,
rimischiare,v.,
rimiscitari,v.,http://tlio.ovi.cnr.it/voci/r43675.htm
rimiso,s.m.,
rimisurare,v.,http://tlio.ovi.cnr.it/voci/051510.htm
rimitaggio,s.m.,
rimmillare,v.,
rimògina,s.f.,
rimollare,v.,
rimonare,v.,http://tlio.ovi.cnr.it/voci/051832.htm
rimondanza,s.f.,
rimondare,v.,http://tlio.ovi.cnr.it/voci/050325.htm
rimondatore,s.m.,
rimondatura,s.f.,
rimondo,agg.,
rimontare,v.,
rimonto,agg.,
rimorchiare,v.,
rimorchio,s.m.,
rimordente,agg.,
rimòrdere,v.,
rimordimento,s.m.,
rimorire,v.,
rimormorare,v.,
rimorsione,s.f.,
rimorso,-1,
rimorso,-2,
rimorto,agg.,
rimòsina,s.f.,
rimosso,agg./s.m.,
rimostranza,s.f.,
rimostrare,v.,http://tlio.ovi.cnr.it/voci/050831.htm
rimotivo,agg.,
rimoto,s.m.,
rimovente,agg.,
rimovimento,s.m.,
rimovitore,s.m.,
rimovitrice,agg.,
rimozione,s.f.,
rimozzare,v.,
rimozzato,agg.,
rimpaffare,v.,http://tlio.ovi.cnr.it/voci/041075.htm
rimpalmare,v.,http://tlio.ovi.cnr.it/voci/050958.htm
rimpannare,v.,http://tlio.ovi.cnr.it/voci/041076.htm
rimpannatura,s.f.,
rimpastare,v.,http://tlio.ovi.cnr.it/voci/041078.htm
rimpaurare,v.,http://tlio.ovi.cnr.it/voci/041079.htm
rimpaurire,v.,http://tlio.ovi.cnr.it/voci/041080.htm
rimpeciare,v.,http://tlio.ovi.cnr.it/voci/041081.htm
rimpeducciare,v.,http://tlio.ovi.cnr.it/voci/039608.htm
rimpedulare,v.,http://tlio.ovi.cnr.it/voci/041082.htm
rimpennare,v.,http://tlio.ovi.cnr.it/voci/041083.htm
rimpenno,s.m.,
rimpentire,v.,http://tlio.ovi.cnr.it/voci/051702.htm
rimpetto,avv./prep.,
rimpiàngere,v.,http://tlio.ovi.cnr.it/voci/041084.htm
rimpiccare,v.,http://tlio.ovi.cnr.it/voci/041085.htm
rimpiegare,v.,
rimpìngere,v.,http://tlio.ovi.cnr.it/voci/045908.htm
rimpolpare,v.,http://tlio.ovi.cnr.it/voci/041086.htm
rimproccia,s.f.,
rimprocciare,v.,
rimproccio,s.m.,
rimproccioso,agg.,
rimproncia,s.f.,
rimproveramento,s.m.,
rimproverante,s.m.,
rimproverare,v.,
rimproveratrice,agg.,
rimproverazioncella,s.f.,
rimproverazione,s.f.,
rimproverévole,agg.,
rimproverio,s.m.,
rimputare,v.,http://tlio.ovi.cnr.it/voci/041087.htm
rimugghiare,v.,http://tlio.ovi.cnr.it/voci/039609.htm
rimuginare,v.,http://tlio.ovi.cnr.it/voci/039610.htm
rìmula,s.f.,
rimuneramento,s.m.,
rimunerante,agg.,
rimuneranza,s.f.,
rimunerare,v.,
rimunerato,agg./s.m.,
rimuneratore,s.m.,
rimuneratrice,s.f.,
rimunerazione,s.f.,
rimunire,v.,
rimunito,s.m.,
rimunitura,s.f.,
rimuòvere,v.,
rimurare,v.,
rimutamento,s.m.,
rimutanza,s.f. ,
rimutare,v.,
rimutato,agg.,
rimutatore,s.m.,
rimutatura,s.f.,
rimutévole,agg.,
rinaldìa,s.f.,
rinarrare,v.,http://tlio.ovi.cnr.it/voci/041088.htm
rinascente,agg.,
rinàscere,v.,
rinascimento,s.m.,
rinativu,agg.,
rinato,agg./s.m.,
rinavigare,v.,http://tlio.ovi.cnr.it/voci/039565.htm
rincacciare,v.,
rincadere,v.,http://tlio.ovi.cnr.it/voci/049531.htm
rincagnato,agg.,
rincalcinare,v.,http://tlio.ovi.cnr.it/voci/032443.htm
rincalzare,v.,
rincalzato,agg.,
rincalzo,s.m.,
rincannare,v.,http://tlio.ovi.cnr.it/voci/041089.htm
rincantamento,s.m.,
rincantare,v.,http://tlio.ovi.cnr.it/voci/041091.htm
rincantucciato,agg.,
rincappare,v.,http://tlio.ovi.cnr.it/voci/032444.htm
rincappellazione,s.f.,
rincarare,v.,http://tlio.ovi.cnr.it/voci/050832.htm
rincarnare,v.,http://tlio.ovi.cnr.it/voci/041092.htm
rincartare,v.,http://tlio.ovi.cnr.it/voci/050833.htm
rincasare,v.,http://tlio.ovi.cnr.it/voci/041093.htm
rincastellato,agg.,
rincavallare,v.,http://tlio.ovi.cnr.it/voci/041095.htm
rincavallato,agg.,
rincellare,v.,http://tlio.ovi.cnr.it/voci/041097.htm
rincèndere,v.,http://tlio.ovi.cnr.it/voci/046465.htm
rinchèrere,v.,
rinchièdere,v.,
rinchiedimento,s.m.,
rinchiesta,s.f.,
rinchiesto,s.m.,
rinchinare,v.,
rinchinato,agg.,
rinchinévole,s.m.,
rinchiostro,s.m.,
rinchiùdere,v.,
rinchiudimento,s.m.,
rinchiusa,s.f.,
rinchiuso,agg./s.m.,
rinclinare,v.,
rincoccare,v.,http://tlio.ovi.cnr.it/voci/033282.htm
rincolpare,v.,http://tlio.ovi.cnr.it/voci/041098.htm
rincominciamento,s.m.,
rincominciare,v.,
rincòndere,v.,
rinconfortare,v.,
rincontra,-1,
rincontra,-2,
rincontramento,s.m.,
rincontrare,v.,http://tlio.ovi.cnr.it/voci/045931.htm
rincontro,-1,
rincontro,-2,
rincoraggiare,v.,http://tlio.ovi.cnr.it/voci/051511.htm
rincoramento,s.m.,
rincorare,v.,
rincoro,s.m.,
rincorporare,v.,
rincórrere,v.,http://tlio.ovi.cnr.it/voci/027130.htm
rincrescente,agg.,
rincréscere,v.,
rincrescévole,agg.,
rincrescimento,s.m.,
rincrespare,v.,http://tlio.ovi.cnr.it/voci/032446.htm
rinculare,v.,http://tlio.ovi.cnr.it/voci/041399.htm
rincurare,v.,
rindellu,s.m.,
rìndina,s.f.,
rindolere,v.,
rindoppiare,v.,
rindoppiato,agg.,
rindossare,v.,http://tlio.ovi.cnr.it/voci/032447.htm
rindurre,v.,
rinfabilimento,s.m.,
rinfacciamento,s.m.,
rinfacciante,s.m.,
rinfacciare,v.,http://tlio.ovi.cnr.it/voci/041100.htm
rinfamare,v.,http://tlio.ovi.cnr.it/voci/033283.htm
rinfanciullire,v.,http://tlio.ovi.cnr.it/voci/039566.htm
rinfangare,v.,http://tlio.ovi.cnr.it/voci/032448.htm
rinfarciare,v.,http://tlio.ovi.cnr.it/voci/033284.htm
rinfebilire,v.,http://tlio.ovi.cnr.it/voci/033089.htm
rinfermato,agg.,
rinfiabilimento,s.m.,
rinfiabilire,v.,http://tlio.ovi.cnr.it/voci/r28669.htm
rinfiammagione,s.f.,
rinfiammamento,s.m.,
rinfiammare,v.,http://tlio.ovi.cnr.it/voci/041935.htm
rinfiammato,agg.,
rinflabiamento,s.m.,
rinflabiare,v.,http://tlio.ovi.cnr.it/voci/028643.htm
rinflabimento,s.m.,
rinflabire,v.,http://tlio.ovi.cnr.it/voci/028645.htm
rinfogliare,v.,http://tlio.ovi.cnr.it/voci/050834.htm
rinfogliato,agg.,
rinfóndere,v.,
rinfondigione,s.f.,
rinfondimento,s.m.,
rinfondire,v.,
rinfondito,agg.,
rinformare,v.,
rinformato,agg.,
rinformazione,s.f.,
rinforzamento,s.m.,
rinforzare,v.,http://tlio.ovi.cnr.it/voci/042377.htm
rinforzata,s.f.,
rinforzativo,agg.,
rinforzato,-1,
rinforzato,-2,
rinforzicare,v.,http://tlio.ovi.cnr.it/voci/032449.htm
rinforzo,s.m.,
rinfrancare,v.,
rinfrancatore,s.m.,
rinfrancescare,v.,http://tlio.ovi.cnr.it/voci/033285.htm
rinfràngere,v.,
rinfranto,agg./s.m.,
rinfrascare,v.,http://tlio.ovi.cnr.it/voci/050836.htm
rinfreddare,v.,
rinfrenare,v.,
rinfrenato,agg.,
rinfrescamento,s.m.,
rinfrescanza,s.f.,
rinfrescare,v.,
rinfrescativo,agg.,
rinfrescato,agg.,
rinfrescatura,s.f.,
rinfuso,agg./s.m.,
ringa,s.f.,
ringagliardire,v.,http://tlio.ovi.cnr.it/voci/032450.htm
ringalluzzolare,v.,http://tlio.ovi.cnr.it/voci/032451.htm
ringannare,v.,http://tlio.ovi.cnr.it/voci/032452.htm
ringavagnare,v.,
ringeneramento,s.m.,
ringenerare,v.,http://tlio.ovi.cnr.it/voci/032605.htm
ringenerazione,s.f.,
ringhiare,v.,
ringhiera,s.f.,
ringhioso,agg.,
ringioire,v.,http://tlio.ovi.cnr.it/voci/029924.htm
ringioito,agg.,
ringiovanire,v.,http://tlio.ovi.cnr.it/voci/046939.htm
ringirare,v.,http://tlio.ovi.cnr.it/voci/041102.htm
ringiùngere,v.,http://tlio.ovi.cnr.it/voci/039698.htm
ringombrare,v.,
ringorgamento,s.m.,
ringorgare,v.,http://tlio.ovi.cnr.it/voci/033287.htm
ringrassare,v.,http://tlio.ovi.cnr.it/voci/032453.htm
ringraziamento,s.m.,
ringraziare,v.,
ringraziare,-2,
ringraziato,-1,
  'dotato,di,
ringraziato,-2,
  'ringraziamento',(FC),
ringraziazione,s.f.,
ringrazioso,agg.,
ringreggiamento,s.m.,
ringrossare,v.,http://tlio.ovi.cnr.it/voci/042382.htm
ringrossato,agg.,
rinnaffiare,v.,http://tlio.ovi.cnr.it/voci/033288.htm
rinnalzare,v.,http://tlio.ovi.cnr.it/voci/050329.htm
rinnamorare,v.,http://tlio.ovi.cnr.it/voci/032455.htm
rinnegamento,s.m.,
rinnegare,v.,http://tlio.ovi.cnr.it/voci/042767.htm
rinnegata,s.f.,
rinnegatezza,s.f.,
rinnegato,agg./s.m.,
rinnegatore,s.m.,
rinnegherìa,s.f.,
rinnestare,v.,http://tlio.ovi.cnr.it/voci/050330.htm
rinnovale,s.m./agg.,
rinnovamento,s.m.,
rinnovante,agg.,
rinnovanza,s.f.,
rinnovare,v.,
rinnovata,s.f.,
rinnovato,agg.,
rinnovatore,s.m.,
rinnovatrice,s.f.,
rinnovazione,s.f.,
rinnovellamento,s.m.,
rinnovellante,agg.,
rinnovellare,v.,
rinnovellato,agg.,
rinnovellazione,s.f. ,
rinnovello,agg./s.m.,
rinnovo,-1,
rinnovo,-2,
rinoceron,s.m.,
rinoceronte,s.m.,
rinoiare,v.,http://tlio.ovi.cnr.it/voci/032456.htm
rinoma,s.f.,
rinomanza,s.f.,
rinomare,v.,http://tlio.ovi.cnr.it/voci/037017.htm
rinomata,s.f.,
rinomatamente,avv.,
rinomato,agg.,
rinome,s.m.,
rinomèa,s.f.,
rinomemente,avv.,
rinominanza,s.f.,
rinominare,v.,http://tlio.ovi.cnr.it/voci/037024.htm
rinominata,s.f.,
rinominato,agg.,
rinominèa,s.f.,
rinomo,s.m.,
rinotare,v.,http://tlio.ovi.cnr.it/voci/051703.htm
rinquìrere,v.,
rinsaccare,v.,http://tlio.ovi.cnr.it/voci/033359.htm
rinsanguinare,v.,http://tlio.ovi.cnr.it/voci/032457.htm
rinsedio,s.m.,
rinsegnare,v.,
rinselvare,v.,http://tlio.ovi.cnr.it/voci/032226.htm
rinserenare,v.,http://tlio.ovi.cnr.it/voci/032458.htm
rinserrare,v.,
rinserto,agg.,
rinsonare,v.,
rintanare,v.,http://tlio.ovi.cnr.it/voci/032866.htm
rintenerire,v.,http://tlio.ovi.cnr.it/voci/032459.htm
rinterzare,v.,http://tlio.ovi.cnr.it/voci/027455.htm
rinterzato,agg.,
rintiepidare,v.,http://tlio.ovi.cnr.it/voci/050331.htm
rintonacare,v.,http://tlio.ovi.cnr.it/voci/033289.htm
rintònaco,s.m.,
rintoppare,v.,http://tlio.ovi.cnr.it/voci/043295.htm
rintoppare,v.,http://tlio.ovi.cnr.it/voci/043296.htm
rintoppo,s.m.,
rintorcimento,s.m.,
rintorto,agg.,
rintoscare,v.,http://tlio.ovi.cnr.it/voci/032460.htm
rintraversare,v.,http://tlio.ovi.cnr.it/voci/038560.htm
rintrodurre,v.,http://tlio.ovi.cnr.it/voci/r31844.htm
rintronare,v.,http://tlio.ovi.cnr.it/voci/033857.htm
rintrònico,s.m.,
rintropichire,v.,http://tlio.ovi.cnr.it/voci/032685.htm
rintropidari,v.,http://tlio.ovi.cnr.it/voci/r42799.htm
rintròpidu,agg.,
rintuzzamento,s.m.,
rintuzzare,v.,
rintuzzato,agg.,
rinuncia,s.f.,
rinunciamento,s.m.,
rinunciante,s.m.,
rinunciare,v.,
  'fare,a,
rinunciare,v.,http://tlio.ovi.cnr.it/voci/r41279.htm
rinunciatore,s.m.,
rinunciazione,s.f.,
rinuncio,s.m.,
rinunziamento,-1,
  'annuncio',,
rinunziamento,-2,
rinunziare,v.,
  'annunciare,v.,
rinunziare,v.,http://tlio.ovi.cnr.it/voci/r41281.htm
rinunziatore,-1,
  'informatore',,
rinunziatore,-2,
rinvenente,agg.,
rinvenire,v.,
  'ritrovare',,
rinvenire,v.,
  'riprendere,i,
rinvercio,s.m.,
rinverdire,v.,http://tlio.ovi.cnr.it/voci/039567.htm
rinverdito,agg.,
rinvergare,v.,http://tlio.ovi.cnr.it/voci/040526.htm
rinvergato,agg.,
rinversare,v.,http://tlio.ovi.cnr.it/voci/051021.htm
rinversato,agg.,
rinverso,agg./s.m.,
rinverticare,v.,http://tlio.ovi.cnr.it/voci/051512.htm
rinvertire,v.,
rinvertito,agg.,
rinverziare,v.,http://tlio.ovi.cnr.it/voci/043730.htm
rinverzicare,v.,http://tlio.ovi.cnr.it/voci/033290.htm
rinverzire,v.,http://tlio.ovi.cnr.it/voci/039569.htm
rinverzito,agg.,
rinvescare,v.,http://tlio.ovi.cnr.it/voci/052223.htm
rinvestire,v.,http://tlio.ovi.cnr.it/voci/046052.htm
rinvestita,s.f.,
rinvestito,agg.,
rinviare,v.,
rinvigoramento,s.m.,
rinvigorare,v.,http://tlio.ovi.cnr.it/voci/044269.htm
rinvigorato,agg.,
rinvigorire,v.,http://tlio.ovi.cnr.it/voci/044271.htm
rinvigorito,agg.,
rinviliare,v.,
rinviluppare,v.,http://tlio.ovi.cnr.it/voci/013705.htm
rinvirdicari,v.,http://tlio.ovi.cnr.it/voci/039571.htm
rinvitare,v.,
rinvogliare,v.,
rinvòlgere,v.,
rinvolto,agg.,
rinvòlvere,v.,
rinzaffare,v.,http://tlio.ovi.cnr.it/voci/032461.htm
rinzigamento,s.m.,
rio,-1,
  'fiume',,
rio,-2,
  'reo',,
riolo,s.m.,
rione,s.m.,
riordinare,v.,http://tlio.ovi.cnr.it/voci/051513.htm
riordire,v.,http://tlio.ovi.cnr.it/voci/039361.htm
riotta,s.f.,
riottare,v.,http://tlio.ovi.cnr.it/voci/022350.htm
riottoso,agg.,
ripa,s.f.,
ripacificare,v.,
ripagare,v.,
ripale,agg.,
ripalleggiare,v.,http://tlio.ovi.cnr.it/voci/044273.htm
ripalmare,v.,http://tlio.ovi.cnr.it/voci/050959.htm
ripara,-1,
  'tipo,di,
ripara,-2,
  'riparo',,
riparàbile,agg.,
riparaggio,s.m.,
riparamento,-1,
riparamento,-2,
riparare,v.,
  'proteggere',,
riparare,v.,
  'rifugiarsi',,
riparata,s.f.,
riparativo,agg.,
riparatore,s.m.,
riparatrice,s.f.,
riparatura,s.f.,
riparazione,s.f.,
riparecchiare,v.,http://tlio.ovi.cnr.it/voci/050332.htm
riparere,v.,
riparlare,v.,http://tlio.ovi.cnr.it/voci/039572.htm
riparo,s.m.,
ripartire,v.,
  'dividere,in,
ripartire,v.,
  'allontanarsi',,
ripàscere,v.,http://tlio.ovi.cnr.it/voci/033291.htm
ripasias,s.i.,
ripassare,v.,
ripàtico,s.m.,
ripatriare,v.,
ripatriazione,s.f.,
ripatteggiare,v.,http://tlio.ovi.cnr.it/voci/046940.htm
ripeccare,v.,http://tlio.ovi.cnr.it/voci/044274.htm
ripennare,v.,http://tlio.ovi.cnr.it/voci/033859.htm
ripensamento,s.m.,
ripensare,v.,http://tlio.ovi.cnr.it/voci/029821.htm
ripensativo,agg.,
ripensato,agg.,
ripentanza,s.f.,
ripentente,agg./s.m.,
ripentenza,s.f.,
ripentimento,s.m.,
ripentire,v.,
ripentito,agg.,
ripentitore,s.m.,
ripercossa,s.f.,
ripercosso,agg.,
ripercotimento,s.m.,
ripercuòtere,v.,http://tlio.ovi.cnr.it/voci/045777.htm
ripercuotimento,s.m.,
ripercussione,s.f.,
ripercussiva,s.f.,
ripercussivo,agg.,
ripèrdere,v.,http://tlio.ovi.cnr.it/voci/044275.htm
riperdonare,v.,http://tlio.ovi.cnr.it/voci/049890.htm
riperella,s.f.,
ripesare,v.,http://tlio.ovi.cnr.it/voci/044276.htm
ripescare,v.,http://tlio.ovi.cnr.it/voci/044277.htm
ripestare,v.,http://tlio.ovi.cnr.it/voci/044278.htm
ripetentemente,avv.,
ripètere,v.,
ripetimento,s.m.,
ripetìo,s.m.,
ripetire,v.,
ripetito,agg.,
ripetitore,s.m.,
ripetitura,s.f.,
ripetizione,s.f.,
ripezzamento,s.m.,
ripezzare,v.,
ripezzato,agg.,
ripezzatore,s.m.,
ripiacere,v.,http://tlio.ovi.cnr.it/voci/048962.htm
ripiacimento,s.m.,
ripiagare,v.,http://tlio.ovi.cnr.it/voci/044279.htm
ripiallare,v.,
ripiallatura,s.f.,
ripiàngere,v.,http://tlio.ovi.cnr.it/voci/041103.htm
ripiantare,v.,http://tlio.ovi.cnr.it/voci/050837.htm
ripiantato,agg.,
ripiatare,v.,http://tlio.ovi.cnr.it/voci/051632.htm
ripiatire,v.,http://tlio.ovi.cnr.it/voci/051633.htm
ripiatto,agg.,
ripiccare,v.,http://tlio.ovi.cnr.it/voci/051459.htm
ripicchiare,v.,http://tlio.ovi.cnr.it/voci/051460.htm
rìpido,agg.,
ripiegamento,s.m.,
ripiegante,agg.,
ripiegare,v.,
ripiegato,agg.,
ripieghévole,agg.,
ripiena,s.f.,
ripienare,v.,
ripieno,-1,
ripieno,v.,
ripigliamento,s.m.,
ripigliare,v.,
ripigliatore,s.m.,
ripigliatura,s.f.,
ripigliévole,agg.,
ripiglio,s.m.,
ripìngere,v.,http://tlio.ovi.cnr.it/voci/045909.htm
ripìngere,v.,http://tlio.ovi.cnr.it/voci/045910.htm
ripiòvere,v.,http://tlio.ovi.cnr.it/voci/048359.htm
ripitare,v.,
riplacare,v.,
riplorare,v.,
ripollare,v.,
ripolpare,v.,http://tlio.ovi.cnr.it/voci/044280.htm
riponimento,s.m.,
riponitore,s.m. ,
riponitura,s.f.,
ripopolare,v.,http://tlio.ovi.cnr.it/voci/030857.htm
ripòrgere,v.,http://tlio.ovi.cnr.it/voci/044281.htm
riporre,v.,
riportamento,s.m.,
riportante,s.m.,
riportanza,s.f.,
riportare,v.,
riportatore,s.m.,
riportatrice,s.f.,
riportatura,s.f.,
riportazione,s.f.,
riporteri,s.m.,
riposa,s.f.,
riposàcolo,s.m.,
riposamento,s.m.,
riposante,agg.,
riposanza,s.f.,
riposare,v.,
riposata,s.f.,
riposatamente,avv.,
riposato,-1,
  'tranquillo',,
riposato,-2,
  'riposto',,
riposatore,agg.,
riposévole,agg.,
riposevolmente,avv.,
riposo,-1,
riposo,-2,
riposta,s.f.,
ripostaglia,s.f.,
ripostamente,avv.,
ripostìcolo,s.m.,
ripostiglio,s.m.,
ripostìgnolo,s.m.,
ripostime,s.m.,
ripostina,s.f.,
riposto,agg./s.m.,
ripostoio,s.m.,
ripotere,v.,
ripredicare,v.,http://tlio.ovi.cnr.it/voci/044282.htm
ripregare,v.,
ripreggio,s.m.,
riprèmere,v.,http://tlio.ovi.cnr.it/voci/041883.htm
riprèmere,v.,http://tlio.ovi.cnr.it/voci/r41893.htm
riprendente,agg.,
riprendenza,s.f.,
riprèndere,v.,
riprendévole,agg.,
riprendevolmente,avv.,
riprendimento,s.m.,
riprenditore,s.m.,
riprenditrice,s.f.,
riprensìbile,agg.,
riprensibilmente,avv.,
riprensio,s.f.,
riprensione,s.f.,
riprensivo,agg./s.m.,
riprensore,s.m.,
riprensorio,agg.,
ripresa,s.f.,
ripresaglia,s.f.,
ripresaglia,s.f.,
ripresentare,v.,
ripresentatore,s.m.,
ripresentazione,s.f.,
ripreso,agg./s.m.,
riprestare,v.,
riprezzo,s.m.,
riprocciare,v.,http://tlio.ovi.cnr.it/voci/r38527.htm
riproccio,s.m.,
riproferire,v.,
riprofondare,v.,http://tlio.ovi.cnr.it/voci/037199.htm
riprofóndere,v.,http://tlio.ovi.cnr.it/voci/037200.htm
ripromessa,s.f.,
ripromesso,agg.,
riprométtere,v.,http://tlio.ovi.cnr.it/voci/043652.htm
ripromettitore,s.m.,
ripromissione,s.f.,
riprovamento,s.m.,
riprovare,v.,
  'provare,nuovamente',
riprovare,v.,
  'biasimare',,
riprovato,agg./s.m.,
riprovatore,s.m.,
riprovazione,s.f.,
riprovvedere,v.,
ripudiare,v.,
ripudiata,s.f.,
ripudiazione,s.f.,
ripudio,s.m.,
ripugnamento,s.m.,
ripugnante,agg.,
ripugnanza,s.f.,
ripugnare,v.,
ripugnativo,agg.,
ripugnazione,s.f.,
ripugnévole,agg.,
ripulire,v.,
ripulito,agg.,
ripullulare,v.,http://tlio.ovi.cnr.it/voci/038488.htm
ripulsa,s.f.,
ripulso,v.,
riputatrici,s.f.,
riquà,on.,
riquadrato,agg.,
riquistare,v.,http://tlio.ovi.cnr.it/voci/r41283.htm
riquisto,s.m.,
riraccontare,v.,http://tlio.ovi.cnr.it/voci/044283.htm
risaettare,v.,http://tlio.ovi.cnr.it/voci/044284.htm
risagallo,s.m.,
risagire,v.,
risaglia,s.f.,
risaldamento,s.m.,
risaldare,v.,http://tlio.ovi.cnr.it/voci/051758.htm
risaldato,agg.,
risaldatura,s.f.,
risalgaido,s.m.,
risalgallo,s.m.,
risalgaro,s.m.,
risalimento,s.m.,
risalire,v.,http://tlio.ovi.cnr.it/voci/045636.htm
risalito,agg./s.m.,
risaltare,v.,
risaltato,agg.,
risalutare,v.,http://tlio.ovi.cnr.it/voci/050469.htm
risalutazione,s.f.,
risalvamento,s.m.,
risalvare,v.,http://tlio.ovi.cnr.it/voci/051516.htm
risalvato,-1,
risalvato,-2,
risalvo,s.m.,
risanare,v.,
risapere,v.,
risapire,v.,
risarcimento,s.m.,
risarcire,v.,http://tlio.ovi.cnr.it/voci/051521.htm
risaziare,v.,
risaziato,agg.,
risazio,agg.,
risbaldare,v.,
risbaldente,agg.,
risbaldire,v.,
risbaldito,agg.,
risbaldore,s.m.,
risbandare,v.,
risbandire,v.,
risbàttere,v.,
risboglientare,v.,http://tlio.ovi.cnr.it/voci/040364.htm
riscaldamento,s.m.,
riscaldante,agg.,
riscaldare,v.,http://tlio.ovi.cnr.it/voci/034894.htm
riscaldativo,agg.,
riscaldato,agg./s.m.,
riscaldatura,s.f.,
riscaldazione,s.f.,
riscaldo,s.m.,
riscalfato,agg.,
riscalfatu,agg.,
riscampato,agg.,
riscappare,v.,http://tlio.ovi.cnr.it/voci/045781.htm
riscappato,agg.,
riscattare,v.,
riscàttitu,s.m.,
riscatto,s.m.,
riscéndere,v.,http://tlio.ovi.cnr.it/voci/050333.htm
riscèrnere,v.,http://tlio.ovi.cnr.it/voci/039573.htm
rischiaramento,s.m.,
rischiarare,v.,
rischiarato,agg.,
rischiaratura,s.f.,
rischiare,v.,
rischiarévole,agg.,
rischiarimento,s.m.,
rischiarire,v.,
rischierare,v.,
rischiévole,agg.,
rischio,s.m.,
rischioso,agg.,
rischiùdere,v.,http://tlio.ovi.cnr.it/voci/044806.htm
rischizzare,v.,http://tlio.ovi.cnr.it/voci/031615.htm
risciacquare,v.,
risciògliere,v.,
risciugare,v.,
risciuto,s.m.,
riscomunicare,v.,http://tlio.ovi.cnr.it/voci/050235.htm
risconciare,v.,http://tlio.ovi.cnr.it/voci/046055.htm
risconfìggere,v.,http://tlio.ovi.cnr.it/voci/050839.htm
riscontare,v.,http://tlio.ovi.cnr.it/voci/046941.htm
riscontra,prep.,
riscontramento,s.m.,
riscontrare,v.,
riscontrévole,agg.,
riscontro,s.m.,
riscoppiare,v.,http://tlio.ovi.cnr.it/voci/051522.htm
riscórrere,v.,http://tlio.ovi.cnr.it/voci/027131.htm
riscorrimento,s.m.,
riscorticare,v.,
riscosciare,v.,http://tlio.ovi.cnr.it/voci/033437.htm
riscosizione,s.f.,
riscossa,s.f.,
riscrìvere,v.,
riscrivitura,s.f.,
riscrizione,s.f.,
riscuòtere,v.,
riscuotimento,s.m.,
riscuotitore,s.m.,
riscusare,v.,
riseccare,v.,http://tlio.ovi.cnr.it/voci/046056.htm
riseccare,v.,http://tlio.ovi.cnr.it/voci/r41284.htm
risecco,agg.,
risedere,v.,
  'sedere,di,
risedere,v.,http://tlio.ovi.cnr.it/voci/r41285.htm
risedio,s.m.,
risega,s.f.,
risegare,v.,http://tlio.ovi.cnr.it/voci/034363.htm
risegato,agg.,
risegnare,v.,
risegolare,v.,http://tlio.ovi.cnr.it/voci/051523.htm
risembramento,s.m.,
risembrare,v.,
  'assomigliare',,
risembrare,v.,
  'riunire',,
risementare,v.,http://tlio.ovi.cnr.it/voci/026082.htm
risensare,v.,
risentenziare,v.,http://tlio.ovi.cnr.it/voci/051524.htm
risentire,v.,
risentito,agg.,
riserenare,v.,http://tlio.ovi.cnr.it/voci/042773.htm
riserrare,v.,
riservare,v.,
riservato,agg./s.m.,
riservazione,s.f.,
riservire,v.,
riservo,s.m.,
risforzare,v.,http://tlio.ovi.cnr.it/voci/042384.htm
risforzo,s.m.,
risfreddare,v.,
risguardamento,s.m.,
risguardare,v.,
risguardare,-2,
risguardo,s.m.,
risìbile,agg./s.m.,
risièdere,v.,
risignificare,v.,http://tlio.ovi.cnr.it/voci/051526.htm
risignolo,s.m.,
rìsima,s.f.,
risma,-1,
risma,-2,
rismirare,v.,
rismo,s.m.,
riso,-1,
  'il,ridere',
riso,-2,
  'pianta',,
risodare,v.,http://tlio.ovi.cnr.it/voci/044962.htm
risoffiare,v.,http://tlio.ovi.cnr.it/voci/050840.htm
risoffrire,v.,
risognare,v.,http://tlio.ovi.cnr.it/voci/046466.htm
risolare,v.,
  'da,sole',
risolare,v.,http://tlio.ovi.cnr.it/voci/r41286.htm
risolatura,s.f.,
risollecitare,v.,http://tlio.ovi.cnr.it/voci/050471.htm
risolto,agg.,
risolutiva,s.f.,
risolutivo,agg./s.m.,
risoluto,agg.,
risoluzione,s.f.,
risòlvere,v.,
risolvimento,s.m.,
risomigliamento,s.m.,
risomigliante,agg.,
risomigliare,v.,http://tlio.ovi.cnr.it/voci/038633.htm
risomméttere,v.,
risommissione,s.f.,
risonamento,s.m.,
risonante,agg.,
risonanza,s.f.,
risonévole,agg.,
risorgente,agg./s.m.,
risórgere,v.,http://tlio.ovi.cnr.it/voci/030386.htm
risorresso,s.m.,
risorto,-1,
risorto,-2,
risospèndere,v.,
risospìngere,v.,http://tlio.ovi.cnr.it/voci/050841.htm
risospirare,v.,http://tlio.ovi.cnr.it/voci/032534.htm
risostenere,v.,http://tlio.ovi.cnr.it/voci/043655.htm
risotterrare,v.,http://tlio.ovi.cnr.it/voci/040147.htm
risovvenenza,s.f.,
risovvenimento,s.m.,
risovvenire,v.,http://tlio.ovi.cnr.it/voci/034901.htm
rispàndere,v.,
risparagnare,v.,http://tlio.ovi.cnr.it/voci/042021.htm
risparagno,s.m.,
rispàrgere,v.,http://tlio.ovi.cnr.it/voci/051527.htm
risparmiamento,s.m.,
risparmiare,v.,http://tlio.ovi.cnr.it/voci/045933.htm
risparmio,s.m.,
rispazzare,v.,http://tlio.ovi.cnr.it/voci/049560.htm
rispègnere,v.,http://tlio.ovi.cnr.it/voci/051528.htm
rispèrgere,v.,http://tlio.ovi.cnr.it/voci/036825.htm
risperso,agg.,
rispessare,v.,http://tlio.ovi.cnr.it/voci/051529.htm
rispessare,v.,http://tlio.ovi.cnr.it/voci/051530.htm
rispessato,agg.,
rispesso,avv.,
rispettare,v.,http://tlio.ovi.cnr.it/voci/043298.htm
rispettare,v.,http://tlio.ovi.cnr.it/voci/r49276.htm
rispettivamente,avv.,
rispettivo,agg.,
rispetto,s.m./prep.,
rispianare,v.,http://tlio.ovi.cnr.it/voci/046942.htm
rispianato,s.m.,
rispiare,v.,
rispiarmare,v.,http://tlio.ovi.cnr.it/voci/r45951.htm
rispiarmo,s.m.,
rispicciare,v.,http://tlio.ovi.cnr.it/voci/051209.htm
rispittare,v.,http://tlio.ovi.cnr.it/voci/043299.htm
rispitto,s.m.,
risplendente,agg.,
risplendenza,s.f.,
risplèndere,v.,
risplendévole,agg.,
risplèndido,agg.,
risplendimento,s.m.,
risplendire,v.,
risplendissàbile,agg.,
risplendore,s.m.,
risponda,s.f.,
rispondente,agg./s.m.,
rispondenza,s.f.,
rispóndere,v.,
rispondévole,agg.,
rispondimento,s.m.,
risponditore,s.m.,
risposa,s.f.,
risposo,s.m.,
risposta,s.f.,
risposto,agg./s.m.,
rissa,s.f.,
rissare,v.,http://tlio.ovi.cnr.it/voci/041401.htm
ristabilire,v.,http://tlio.ovi.cnr.it/voci/048964.htm
ristacciare,v.,
ristagnante,agg.,
ristagnare,v.,
  'lat.,restagnare',
ristagnare,v.,
  'saldare,con,
ristagnativo,agg.,
ristagnazione,s.f.,
ristagno,s.m.,
ristallo,s.m.,
ristare,v.,
ristèndere,v.,
ristillare,v.,
ristoppare,v.,http://tlio.ovi.cnr.it/voci/038870.htm
ristoppia,s.f.,
ristoppiare,v.,http://tlio.ovi.cnr.it/voci/033292.htm
ristoramento,s.m.,
ristoranza,s.f.,
ristorare,v.,
ristorativo,agg./s.m.,
ristorato,agg.,
ristoratore,s.m.,
ristorazione,s.f.,
ristornare,v.,
ristoro,s.m.,
ristorpiare,v.,
ristretto,agg./s.m.,
ristribuire,v.,
ristuccare,v.,http://tlio.ovi.cnr.it/voci/046538.htm
ristucco,agg.,
risucchiamento,s.m.,
risudamento,s.m.,
risudare,v.,http://tlio.ovi.cnr.it/voci/048627.htm
risudazione,s.f.,
risuggellare,v.,
risultamento,s.m.,
risultare,v.,http://tlio.ovi.cnr.it/voci/038635.htm
risultare,v.,http://tlio.ovi.cnr.it/voci/029665.htm
risultazione,s.f.,
risuolare,v.,
risuonare,v.,
risuono,s.m.,
risupino,agg.,
risurrezione,s.f.,
risuscitamento,s.m.,
risuscitante,agg.,
risuscitare,v.,http://tlio.ovi.cnr.it/voci/030400.htm
risuscitato,agg./s.m.,
risuscitatore,s.m./agg.,
risuscitazione,s.f.,
risvegliante,s.m.,
risvegliare,v.,http://tlio.ovi.cnr.it/voci/049110.htm
risvegliato,agg.,
ritagliare,v.,
ritagliatore,s.m.,
ritagliere,s.m.,
ritaglio,s.m.,
ritardamento,s.m.,
ritardante,s.m.,
ritardanza,s.f.,
ritardare,v.,
ritardazione,s.f.,
ritardo,s.m.,
ritastare,v.,
rite,avv.,
ritegno,s.m.,
ritemenza,s.f.,
ritemere,v.,
ritemperare,v.,http://tlio.ovi.cnr.it/voci/042659.htm
ritenanza,s.f.,
ritèndere,v.,
ritenente,agg.,
ritenenza,s.f.,
ritenere,v.,
ritenévole,agg.,
ritenimento,s.m.,
ritenitivo,agg.,
ritenitoio,s.m.,
ritenitore,s.m.,
ritenitrice,s.f.,
ritenso,s.m.,
ritentare,v.,
ritentato,agg.,
ritentiva,s.f.,
ritentivo,agg.,
ritento,s.m.,
ritenuta,s.f.,
ritenuto,agg./s.m.,
ritenzione,s.f.,
ritèssere,v.,
ritestimoniare,v.,http://tlio.ovi.cnr.it/voci/037851.htm
rìtimo,s.m.,
ritìngere,v.,
ritintinnare,v.,http://tlio.ovi.cnr.it/voci/044285.htm
ritinto,agg.,
ritiramento,s.m.,
ritirare,v.,
ritirata,s.f.,
ritmare,v.,http://tlio.ovi.cnr.it/voci/026399.htm
ritmato,agg.,
ritmètica,s.f.,
rìtmico,agg.,
ritmo,s.m.,
rito,s.m.,
ritoccare,v.,
ritocco,s.m.,
ritògliere,v.,
ritonda,s.f.,
ritondamente,avv.,
ritondanza,s.f.,
ritondare,v.,http://tlio.ovi.cnr.it/voci/044579.htm
ritondare,v.,http://tlio.ovi.cnr.it/voci/r44641.htm
ritondetto,agg.,
ritondezza,s.f.,
ritondità,s.f.,
ritondo,-1,
ritondo,-2,
ritòrcere,v.,
ritorcimento,s.m.,
ritorcitura,s.f.,
ritornàbile,agg.,
ritornagione,s.f.,
ritornamento,s.m.,
ritornante,agg./s.m.,
ritornanza,s.f.,
ritornare,v.,
ritornata,s.f.,
ritornatore,s.m.,
ritornellato,agg.,
ritornello,s.m.,
ritornévole,agg.,
ritorno,s.m.,
ritorta,s.f.,
ritorto,agg.,
ritòrtola,s.f.,
ritortura,s.f.,
ritraente,s.m.,
ritragittare,v.,http://tlio.ovi.cnr.it/voci/041104.htm
ritraimento,s.m.,
ritranghi,s.m.,
ritràngola,s.f.,
ritrarre,v.,
ritratta,s.f.,
ritrattamento,s.m.,
ritrattare,v.,
ritrattata,s.f.,
ritrattazione,s.f.,
ritrattévole,agg.,
ritrattivo,agg.,
ritratto,agg./s.m.,
ritrazione,s.f.,
ritrécine,s.m.,
ritriato,agg.,
ritrinciare,v.,http://tlio.ovi.cnr.it/voci/032462.htm
ritritare,v.,http://tlio.ovi.cnr.it/voci/044287.htm
ritrogragione,s.f.,
ritrograre,v.,
ritrombare,v.,http://tlio.ovi.cnr.it/voci/032463.htm
ritròpica,s.f.,
ritròpico,agg./s.m.,
ritropidari,v.,http://tlio.ovi.cnr.it/voci/042774.htm
ritròpidu,agg.,
ritropisìa,s.f.,
ritrosa,s.f.,
ritrosare,v.,http://tlio.ovi.cnr.it/voci/044581.htm
ritrosetto,agg.,
ritrosìa,s.f.,
ritrosire,v.,http://tlio.ovi.cnr.it/voci/033601.htm
ritroso,agg.,
ritrovamento,s.m.,
ritrovare,v.,
ritrovato,agg.,
ritrovatore,s.m.,
ritrovatrice,s.f.,
ritruòpico,agg./s.m.,
ritta,s.f.,
rittamente,avv.,
rittezza,s.f.,
ritto,agg./avv./prep./s.m.,
riturare,v.,
riturbare,v.,http://tlio.ovi.cnr.it/voci/032464.htm
riudire,v.,
riumiliare,v.,
riùngere,v.,
riunire,v.,
riunito,agg.,
riuscìbile,agg.,
riuscimento,s.m.,
riuscire,v.,http://tlio.ovi.cnr.it/voci/047788.htm
riuscita,s.f.,
riusurpare,v.,http://tlio.ovi.cnr.it/voci/050236.htm
riva,s.f.,
rivaggio,s.m.,
rivale,-1,
rivale,-2,
rivalicare,v.,http://tlio.ovi.cnr.it/voci/051533.htm
rivara,s.f.,
rivare,v.,http://tlio.ovi.cnr.it/voci/r21419.htm
rivedere,v.,
rivedimento,s.m.,
riveditore,s.m.,
riveditura,s.f.,
riveduta,s.f.,
rivegghiamento,s.m.,
rivegghiare,v.,http://tlio.ovi.cnr.it/voci/r49142.htm
rivegliamento,s.m.,
rivegliare,v.,http://tlio.ovi.cnr.it/voci/049113.htm
rivelamento,s.m.,
rivelante,s.m./s.f.,
rivelare,v.,
rivelato,agg.,
rivelatore,s.m.,
rivelatrice,s.f.,
rivelazione,s.f.,
rivendaiuolo,agg.,
rivéndere,v.,
rivenderìa,s.f.,
rivendicare,v.,
rivendichiese,s.m.,
rivendigione,s.f.,
rivendimento,s.m.,
rivéndita,s.f.,
rivenditore,s.m.,
rivenditrice,agg.,
rivenditura,s.f.,
rivendùgliolo,s.m.,
rivenduto,agg.,
rivenire,v.,
rivenuta,s.f.,
river,avv./prep.,
riverberamento,s.m.,
riverberante,agg.,
riverberare,v.,http://tlio.ovi.cnr.it/voci/043302.htm
riverberato,agg.,
riverberazione,s.f.,
rivèrbero,s.m.,
riverdire,v.,http://tlio.ovi.cnr.it/voci/049291.htm
riverdito,agg.,
riverente,agg.,
riverentemente,avv.,
riverenza,s.f.,
riverire,v.,
riverito,agg./s.m.,
riversare,v.,
riversato,agg.,
riverso,agg./s.m.,
rivertato,agg.,
rivertente,agg.,
rivèrtere,v.,
rivertire,v.,
riverto,agg.,
rivestimento,s.m.,
rivestire,v.,
rivestito,agg.,
rivetto,s.m.,
rivicciuolo,s.m.,
rivicello,s.m.,
riviera,s.f.,
rivietare,v.,
rivigorare,v.,http://tlio.ovi.cnr.it/voci/044288.htm
rivigoroso,agg.,
rivilire,v.,http://tlio.ovi.cnr.it/voci/051704.htm
rivìncere,v.,
rivinta,s.f.,
rivìscere,v.,
rivisitare,v.,http://tlio.ovi.cnr.it/voci/046989.htm
rivivare,v.,http://tlio.ovi.cnr.it/voci/050334.htm
rivìvere,v.,
rivivévole,agg.,
rivivificare,v.,http://tlio.ovi.cnr.it/voci/050335.htm
rivivire,v.,http://tlio.ovi.cnr.it/voci/r50357.htm
rivivìscere,v.,http://tlio.ovi.cnr.it/voci/r50358.htm
rivizzuolo,s.m.,
rivo,s.m.,
rivolare,v.,http://tlio.ovi.cnr.it/voci/033293.htm
rivolere,v.,
rivolgarizzare,v.,http://tlio.ovi.cnr.it/voci/037111.htm
rivòlgere,v.,
rivolgimento,s.m.,
rivolgitore,s.m.,
rivolgitrice,s.f.,
rìvolo,s.m.,
rivolta,s.f.,
rivoltamento,s.m.,
rivoltanza,s.f.,
rivoltare,v.,
rivoltato,agg.,
rivolto,agg.,
rivoltura,s.f.,
rivoluzione,s.f.,
rivòmere,v.,http://tlio.ovi.cnr.it/voci/051534.htm
rivulsare,v.,
rizappare,v.,http://tlio.ovi.cnr.it/voci/041105.htm
rizeppare,v.,http://tlio.ovi.cnr.it/voci/051837.htm
rizzacrino,s.m.,
rizzaffare,v.,http://tlio.ovi.cnr.it/voci/032465.htm
rizzamento,s.m.,
rizzare,v.,http://tlio.ovi.cnr.it/voci/040529.htm
rizzatino,s.m.,
rizzato,agg.,
rizzatoio,s.m.,
rizzatura,s.f.,